symbol,neutrons,protons,instability,abundance
Nn,1,0,0.5412359275018637,0.0
H,0,1,0.0,99.9855
H,1,1,0.0,0.0145
H,2,1,0.0,0.0
He,1,2,0.0,0.0002
He,2,2,0.0,99.9998
He,4,2,0.9991936252949674,0.0
He,6,2,0.9998809070921234,0.0
Li,3,3,0.0,4.85
Li,4,3,0.0,95.15
Li,5,3,0.999160452617277,0.0
Li,6,3,0.9998217158945003,0.0
Li,8,3,0.9999912500382812,0.0
Be,3,4,0.0,0.0
Be,5,4,0.0,100.0
Be,6,4,0.0,0.0
Be,7,4,0.9863342360753664,0.0
Be,8,4,0.9999785402302641,0.0
Be,10,4,0.9999956500094612,0.0
B,3,5,0.9992302963739258,0.0
B,5,5,0.0,19.65
B,6,5,0.0,80.35
B,7,5,0.9999798002040187,0.0
B,8,5,0.9999826701501636,0.0
B,9,5,0.9999875000781246,0.0
B,10,5,0.9999900700493023,0.0
B,12,5,0.9999949200129031,0.0
B,14,5,0.9999970800042632,0.0
C,3,6,0.9998735080007877,0.0
C,4,6,0.9808948614823597,0.0
C,5,6,0.2946874428761186,0.0
C,6,6,0.0,98.94
C,7,6,0.0,1.06
C,8,6,0.0,0.0
C,9,6,0.9975539963539772,0.0
C,10,6,0.9992532789350409,0.0
C,11,6,0.9998070186233019,0.0
C,12,6,0.9999080042318702,0.0
C,13,6,0.9999537010718285,0.0
C,14,6,0.9999837001328443,0.0
C,16,6,0.999993900018605,0.0
N,5,7,0.9999890000604997,0.0
N,6,7,0.5499653515070172,0.0
N,7,7,0.0,99.6205
N,8,7,0.0,0.3795
N,9,7,0.9928953581463468,0.0
N,10,7,0.9958356948657371,0.0
N,11,7,0.9993811915409767,0.0
N,12,7,0.9996640564416783,0.0
N,13,7,0.9998656090312754,0.0
N,14,7,0.9999160035279012,0.0
N,15,7,0.999977000264498,0.0
N,16,7,0.9999859000994046,0.0
O,5,8,0.9999914200368081,0.0
O,6,8,0.9318289604207957,0.0
O,7,8,0.8849359583844202,0.0
O,8,8,0.0,99.757
O,9,8,0.0,0.03835
O,10,8,0.0,0.2045
O,11,8,0.973478051881801,0.0
O,12,8,0.9865808504598989,0.0
O,13,8,0.9965858415387483,0.0
O,14,8,0.9977525293526299,0.0
O,15,8,0.9999030047043479,0.0
O,16,8,0.9999350021124542,0.0
F,8,9,0.9375454896700693,0.0
F,9,9,0.00137927124862951,0.0
F,10,9,0.0,100.0
F,11,9,0.9889910469789955,0.0
F,12,9,0.9958506325131921,0.0
F,13,9,0.9957789338488341,0.0
F,14,9,0.9977724846027688,0.0
F,15,9,0.9996100760401144,0.0
F,16,9,0.9999200031999147,0.0
F,17,9,0.9999918000336199,0.0
F,18,9,0.9999950000125,0.0
F,20,9,0.999997500003125,0.0
Ne,7,10,0.999890805962103,0.0
Ne,8,10,0.9983293970132895,0.0
Ne,9,10,0.9829274168146225,0.0
Ne,10,10,0.0,90.48
Ne,11,10,0.0,0.27
Ne,12,10,0.0,9.25
Ne,13,10,0.963435246427586,0.0
Ne,14,10,0.8164415134005483,0.0
Ne,15,10,0.9993981811656443,0.0
Ne,16,10,0.9998030194032258,0.0
Ne,17,10,0.9999685004961197,0.0
Ne,18,10,0.9999800001999987,0.0
Ne,19,10,0.9999850001124995,0.0
Ne,20,10,0.999992700026645,0.0
Ne,21,10,0.99999660000578,0.0
Ne,22,10,0.9999965000061249,0.0
Na,9,11,0.9995522002922308,0.0
Na,10,11,0.977761014754596,0.0
Na,11,11,0.0,0.0
Na,12,11,0.0,100.0
Na,13,11,3.570987727368228e-24,0.0
Na,14,11,0.9426125031935608,0.0
Na,15,11,0.9989292936155666,0.0
Na,16,11,0.9996990452959552,0.0
Na,17,11,0.9999695004651202,0.0
Na,18,11,0.9999559009723907,0.0
Na,19,11,0.9999520011519816,0.0
Na,20,11,0.9999826501505104,0.0
Na,21,11,0.9999868000871196,0.0
Na,22,11,0.999992000032,0.0
Na,23,11,0.999994500015125,0.0
Na,24,11,0.99999820000162,0.0
Mg,8,12,0.9999096040859569,0.0
Mg,9,12,0.9998780074416974,0.0
Mg,10,12,0.9961320000581716,0.0
Mg,11,12,0.9887590568928754,0.0
Mg,12,12,0.0,78.965
Mg,13,12,0.0,10.011
Mg,14,12,0.0,11.025
Mg,15,12,0.566952359970735,0.0
Mg,16,12,1.996325156746641e-33,0.0
Mg,17,12,0.9987008446339523,0.0
Mg,18,12,0.9996650561062347,0.0
Mg,19,12,0.9997640278458094,0.0
Mg,20,12,0.999914003697894,0.0
Mg,21,12,0.9999095040950015,0.0
Mg,22,12,0.9999800001999987,0.0
Mg,23,12,0.9999887000638448,0.0
Mg,24,12,0.9999924000288799,0.0
Mg,25,12,0.999992000032,0.0
Al,9,13,0.999908904149479,0.0
Al,10,13,0.9995540994432156,0.0
Al,11,13,0.9979491059630727,0.0
Al,12,13,0.9928427360868619,0.0
Al,13,13,0.0,0.0
Al,14,13,0.0,100.0
Al,15,13,0.8739780657826889,0.0
Al,16,13,0.6746238518184587,0.0
Al,17,13,0.9963865443008287,0.0
Al,18,13,0.9993562073234922,0.0
Al,19,13,0.9999670005444941,0.0
Al,20,13,0.9999583008694329,0.0
Al,21,13,0.9999437015848153,0.0
Al,22,13,0.9999617007334356,0.0
Al,23,13,0.9999100040498785,0.0
Al,24,13,0.9999893000572448,0.0
Al,25,13,0.9999910000404999,0.0
Al,26,13,0.9999924000288799,0.0
Si,8,14,0.9999710004204959,0.0
Si,9,14,0.9999577008946324,0.0
Si,10,14,0.9998600097995427,0.0
Si,11,14,0.9997800241982254,0.0
Si,12,14,0.997757218800538,0.0
Si,13,14,0.9958585993501196,0.0
Si,14,14,0.0,92.2545
Si,15,14,0.0,4.672
Si,16,14,0.0,3.0735
Si,17,14,7.935334157756176e-05,0.0
Si,18,14,0.0,0.0
Si,19,14,0.9939086280914775,0.0
Si,20,14,0.9972338329101296,0.0
Si,21,14,0.9992203041209234,0.0
Si,22,14,0.9995501012348142,0.0
Si,23,14,0.9999100040498785,0.0
Si,24,14,0.9999370019844583,0.0
Si,25,14,0.9999525011281072,0.0
Si,26,14,0.9999670005444941,0.0
Si,27,14,0.9999800001999987,0.0
Si,28,14,0.9999875000781246,0.0
P,11,15,0.9999563009548311,0.0
P,12,15,0.9997400337970709,0.0
P,13,15,0.9997297365277538,0.0
P,14,15,0.9958665662507818,0.0
P,15,15,0.8608112675795742,0.0
P,16,15,0.0,100.0
P,17,15,0.0,0.0
P,18,15,0.0,0.0
P,19,15,0.987646933359538,0.0
P,20,15,0.9538012143007338,0.0
P,21,15,0.9944156507715979,0.0
P,22,15,0.9976926659967874,0.0
P,23,15,0.9993602047563164,0.0
P,24,15,0.9997200391963416,0.0
P,25,15,0.9998500112494375,0.0
P,26,15,0.9998990051003283,0.0
P,27,15,0.999951501176106,0.0
P,28,15,0.999963500666117,0.0
P,29,15,0.999981500171124,0.0
S,11,16,0.9999845001201244,0.0
S,12,16,0.9998750078121745,0.0
S,13,16,0.9998120176708926,0.0
S,14,16,0.9988226935696316,0.0
S,15,16,0.9974498571529188,0.0
S,16,16,0.0,94.85
S,17,16,0.0,0.763
S,18,16,0.0,4.365
S,19,16,0.0,0.0
S,20,16,0.0,0.0158
S,21,16,0.7385990963704826,0.0
S,22,16,3.6507238571888917e-05,0.0
S,23,16,0.988565872247913,0.0
S,24,16,0.9912386066707672,0.0
S,25,16,0.99801197873722,0.0
S,26,16,0.998984515953249,0.0
S,27,16,0.9997350351093987,0.0
S,28,16,0.9999000049998333,0.0
S,29,16,0.9999320023119476,0.0
S,30,16,0.9999500012499791,0.0
Cl,14,17,0.9998100180488569,0.0
Cl,15,17,0.9997020443975897,0.0
Cl,16,17,0.9974921499234625,0.0
Cl,17,17,0.9984745646610474,0.0
Cl,18,17,0.0,75.8
Cl,19,17,0.0,0.0
Cl,20,17,0.0,24.2
Cl,21,17,0.10712059747409468,0.0
Cl,22,17,0.03432092680223053,0.0
Cl,23,17,0.922193691444608,0.0
Cl,24,17,0.9623279327216104,0.0
Cl,25,17,0.9932230676836347,0.0
Cl,26,17,0.9968748933432805,0.0
Cl,27,17,0.9994401567707347,0.0
Cl,28,17,0.9995870852727604,0.0
Cl,29,17,0.999768026909919,0.0
Cl,30,17,0.9998990051003283,0.0
Ar,13,18,0.9999856001036795,0.0
Ar,14,18,0.9999020048018431,0.0
Ar,15,18,0.9998270149636371,0.0
Ar,16,18,0.9991565558991105,0.0
Ar,17,18,0.9982259754450886,0.0
Ar,18,18,0.0,0.3336
Ar,19,18,0.0,0.0
Ar,20,18,0.0,0.0629
Ar,21,18,0.0,0.0
Ar,22,18,0.0,99.6035
Ar,23,18,0.001392576013306365,0.0
Ar,24,18,0.0,0.0
Ar,25,18,0.7245532651848345,0.0
Ar,26,18,0.49056376913348393,0.0
Ar,27,18,0.9787490522544442,0.0
Ar,28,18,0.9916351814230984,0.0
Ar,29,18,0.9987707561399508,0.0
Ar,30,18,0.9995840865160027,0.0
Ar,31,18,0.9998300144491812,0.0
Ar,32,18,0.9998940056178015,0.0
K,16,19,0.9998220158410601,0.0
K,17,19,0.9996590581338919,0.0
K,18,19,0.9987757500062162,0.0
K,19,19,0.6318773311222267,0.0
K,20,19,0.0,93.2581
K,21,19,0.0,0.0117
K,22,19,0.0,6.7302
K,23,19,4.8244747071551953e-20,0.0
K,24,19,1.364077334677365e-35,0.0
K,25,19,0.26505975177927316,0.0
K,26,19,0.34348906564836407,0.0
K,27,19,0.9003245225862656,0.0
K,28,19,0.9826522356650732,0.0
K,29,19,0.9932230676836347,0.0
K,30,19,0.998740793466709,0.0
K,31,19,0.9995281113744764,0.0
K,32,19,0.9996350666043963,0.0
K,33,19,0.9998900060497782,0.0
K,34,19,0.9999700004499955,0.0
K,35,19,0.9999900000499998,0.0
Ca,15,20,0.9999743003302421,0.0
Ca,16,20,0.9998988051205473,0.0
Ca,17,20,0.9998189163976151,0.0
Ca,18,20,0.999556338446906,0.0
Ca,19,20,0.9991400699519475,0.0
Ca,20,20,0.0,96.941
Ca,21,20,0.0,0.0
Ca,22,20,0.0,0.647
Ca,23,20,0.0,0.135
Ca,24,20,0.0,2.086
Ca,25,20,0.0,0.0
Ca,26,20,0.0,0.004
Ca,27,20,6.2441866941987055e-171,0.0
Ca,28,20,0.0,0.187
Ca,29,20,0.592692241719409,0.0
Ca,30,20,0.9866400470868075,0.0
Ca,31,20,0.9900498337491681,0.0
Ca,32,20,0.9954105637959723,0.0
Ca,33,20,0.9995391062441732,0.0
Ca,34,20,0.9998930057242958,0.0
Ca,35,20,0.9999780002419982,0.0
Ca,36,20,0.9999890000604997,0.0
Sc,19,21,0.9998177166156353,0.0
Sc,20,21,0.9994038777515122,0.0
Sc,21,21,0.9993194416849328,0.0
Sc,22,21,8.252330546663445e-07,0.0
Sc,23,21,6.209594841847725e-07,0.0
Sc,24,21,0.0,100.0
Sc,25,21,0.0,0.0
Sc,26,21,2.1272747858025078e-126,0.0
Sc,27,21,4.58308071220864e-69,0.0
Sc,28,21,0.03236104158134663,0.0
Sc,29,21,0.9025781497529256,0.0
Sc,30,21,0.9876765632119844,0.0
Sc,31,21,0.9918335282934089,0.0
Sc,32,21,0.9974033770725698,0.0
Sc,33,21,0.9994741383137479,0.0
Sc,34,21,0.999895005512307,0.0
Sc,35,21,0.9999740003379971,0.0
Sc,36,21,0.9999870000844996,0.0
Sc,37,21,0.9999880000719997,0.0
Ti,17,22,0.9999715004061211,0.0
Ti,18,22,0.999947601372856,0.0
Ti,19,22,0.9999181033537134,0.0
Ti,20,22,0.9997913717658974,0.0
Ti,21,22,0.9994911295185241,0.0
Ti,22,22,0.0,0.0
Ti,23,22,1.529476415844601e-05,0.0
Ti,24,22,0.0,8.25
Ti,25,22,0.0,7.44
Ti,26,22,0.0,73.72
Ti,27,22,0.0,5.41
Ti,28,22,0.0,5.18
Ti,29,22,0.7077955487098908,0.0
Ti,30,22,0.9030295516688768,0.0
Ti,31,22,0.9678288647004981,0.0
Ti,32,22,0.99790220345731,0.0
Ti,33,22,0.9987008446339523,0.0
Ti,34,22,0.9998000199986667,0.0
Ti,35,22,0.9999020048018431,0.0
Ti,36,22,0.9999420016819675,0.0
Ti,37,22,0.9999715004061211,0.0
Ti,38,22,0.9999780002419982,0.0
Ti,39,22,0.9999850001124995,0.0
V,20,23,0.9999207031441619,0.0
V,21,23,0.9998890061602721,0.0
V,22,23,0.9994531495772259,0.0
V,23,23,0.9995775892405565,0.0
V,24,23,0.14142298297609007,0.0
V,25,23,0.0,0.0
V,26,23,0.0,0.0
V,27,23,0.0,0.25
V,28,23,0.0,99.75
V,29,23,0.7988516660102476,0.0
V,30,23,0.9115762819447842,0.0
V,31,23,0.951419689411471,0.0
V,32,23,0.9934813392550819,0.0
V,33,23,0.9997840233263204,0.0
V,34,23,0.9996800511945391,0.0
V,35,23,0.9998090182393388,0.0
V,36,23,0.9999030047043479,0.0
V,37,23,0.9998780074416974,0.0
V,38,23,0.9999517011664262,0.0
V,39,23,0.9999664005644737,0.0
V,40,23,0.9999830001444991,0.0
V,41,23,0.9999850001124995,0.0
Cr,18,24,0.9999867000884446,0.0
Cr,19,24,0.9999788002247184,0.0
Cr,20,24,0.9999572009159069,0.0
Cr,21,24,0.9999391018543674,0.0
Cr,22,24,0.9997400337970709,0.0
Cr,23,24,0.9995001249791693,0.0
Cr,24,24,1.957940512339213e-34,0.0
Cr,25,24,0.07902429042826366,0.0
Cr,26,24,0.0,4.345
Cr,27,24,0.0,0.0
Cr,28,24,0.0,83.789
Cr,29,24,0.0,9.501
Cr,30,24,0.0,2.365
Cr,31,24,0.8107301642667144,0.0
Cr,32,24,0.7001924872174969,0.0
Cr,33,24,0.9791210475689343,0.0
Cr,34,24,0.9930244429332351,0.0
Cr,35,24,0.9992602737324752,0.0
Cr,36,24,0.9995101200303942,0.0
Cr,37,24,0.9997660273758646,0.0
Cr,38,24,0.9997940212165431,0.0
Cr,39,24,0.9998710083201422,0.0
Cr,40,24,0.9999571009201919,0.0
Cr,41,24,0.9999730003644968,0.0
Cr,42,24,0.9999760002879977,0.0
Mn,21,25,0.9999638006552121,0.0
Mn,22,25,0.9999000049998333,0.0
Mn,23,25,0.9998423124339914,0.0
Mn,24,25,0.9996180729527104,0.0
Mn,25,25,0.9997168500945032,0.0
Mn,26,25,0.06253680597317074,0.0
Mn,27,25,1.6168333737517047e-210,0.0
Mn,28,25,0.0,0.0
Mn,29,25,0.0,0.0
Mn,30,25,0.0,100.0
Mn,31,25,9.289506826913089e-05,0.0
Mn,32,25,0.918144952958883,0.0
Mn,33,25,0.997004495503373,0.0
Mn,34,25,0.9954205179513809,0.0
Mn,35,25,0.9997200391963416,0.0
Mn,36,25,0.9992912512811104,0.0
Mn,37,25,0.9999080042318702,0.0
Mn,38,25,0.9997250378090341,0.0
Mn,39,25,0.9999100040498785,0.0
Mn,40,25,0.9999080042318702,0.0
Mn,41,25,0.9999350021124542,0.0
Mn,42,25,0.9999530011044827,0.0
Mn,43,25,0.9999720003919963,0.0
Mn,44,25,0.9999840001279993,0.0
Mn,45,25,0.9999801001980037,0.0
Fe,19,26,0.9999981100017861,0.0
Fe,20,26,0.9999870000844996,0.0
Fe,21,26,0.9999782002376183,0.0
Fe,22,26,0.9999545010351093,0.0
Fe,23,26,0.9999353020929999,0.0
Fe,24,26,0.9998480115514147,0.0
Fe,25,26,0.9996950465077716,0.0
Fe,26,26,1.1544294150005416e-13,0.0
Fe,27,26,0.6001353895325682,0.0
Fe,28,26,0.0,5.845
Fe,29,26,0.0,0.0
Fe,30,26,0.0,91.754
Fe,31,26,0.0,2.119
Fe,32,26,0.0,0.282
Fe,33,26,0.0,0.0
Fe,34,26,0.0,0.0
Fe,35,26,0.6985140401902621,0.0
Fe,36,26,0.9342604735772135,0.0
Fe,37,26,0.993918567227454,0.0
Fe,38,26,0.9980019986673331,0.0
Fe,39,26,0.9991903279614445,0.0
Fe,40,26,0.9995600967858043,0.0
Fe,41,26,0.9994001799640054,0.0
Fe,42,26,0.9998120176708926,0.0
Fe,43,26,0.9998900060497782,0.0
Fe,44,26,0.9999350021124542,0.0
Fe,45,26,0.9999720003919963,0.0
Fe,47,26,0.9999871000832047,0.0
Fe,48,26,0.9999918000336199,0.0
Co,23,27,0.9999612007527102,0.0
Co,24,27,0.9999312023666658,0.0
Co,25,27,0.9998960054078125,0.0
Co,26,27,0.9997600287976961,0.0
Co,27,27,0.9998067386773759,0.0
Co,28,27,3.913306245730695e-28,0.0
Co,29,27,0.0,0.0
Co,30,27,0.0,0.0
Co,31,27,0.0,0.0
Co,32,27,0.0,100.0
Co,33,27,0.0,0.0
Co,34,27,0.0026415220337940816,0.0
Co,35,27,0.9117403804439562,0.0
Co,36,27,0.9729719748862449,0.0
Co,37,27,0.9997000449955004,0.0
Co,38,27,0.9988406725399261,0.0
Co,39,27,0.9998000199986667,0.0
Co,40,27,0.999575090299707,0.0
Co,41,27,0.9998000199986667,0.0
Co,42,27,0.9997730257625506,0.0
Co,43,27,0.9998880062717659,0.0
Co,44,27,0.9999200031999147,0.0
Co,45,27,0.9999401017939692,0.0
Co,46,27,0.9999593008282338,0.0
Co,47,27,0.9999687004898399,0.0
Co,48,27,0.9999700004499955,0.0
Co,49,27,0.9999783002354433,0.0
Co,50,27,0.9999870000844996,0.0
Ni,20,28,0.999997900002205,0.0
Ni,21,28,0.9999925000281249,0.0
Ni,22,28,0.999981500171124,0.0
Ni,23,28,0.9999762002832178,0.0
Ni,24,28,0.9999592008323087,0.0
Ni,25,28,0.999944801523492,0.0
Ni,26,28,0.9998858065205718,0.0
Ni,27,28,0.9997953209496155,0.0
Ni,28,28,1.1156098461853876e-228,0.0
Ni,29,28,2.1918922408179164e-56,0.0
Ni,30,28,0.0,68.0769
Ni,31,28,0.0,0.0
Ni,32,28,0.0,26.2231
Ni,33,28,0.0,1.1399
Ni,34,28,0.0,3.6345
Ni,35,28,0.0,0.0
Ni,36,28,0.0,0.9256
Ni,37,28,0.00011587483013644222,0.0
Ni,38,28,4.315952308860729e-86,0.0
Ni,39,28,0.9792189645694596,0.0
Ni,40,28,0.9714164644666048,0.0
Ni,41,28,0.9886647337781319,0.0
Ni,42,28,0.9940179640539353,0.0
Ni,43,28,0.997443274005586,0.0
Ni,44,28,0.9984312318052709,0.0
Ni,45,28,0.9991603527012367,0.0
Ni,46,28,0.9994924288578371,0.0
Ni,47,28,0.999656059161216,0.0
Ni,48,28,0.9997620283197532,0.0
Ni,49,28,0.9998411126239364,0.0
Ni,50,28,0.9998900060497782,0.0
Ni,51,28,0.9999570009244867,0.0
Ni,52,28,0.9999760002879977,0.0
Cu,26,29,0.9999600007999894,0.0
Cu,27,29,0.999907004324366,0.0
Cu,28,29,0.9998037192655844,0.0
Cu,29,29,0.9968011273305492,0.0
Cu,30,29,0.9217327098538872,0.0
Cu,31,29,0.24123107196915192,0.0
Cu,32,29,6.020140259468057e-06,0.0
Cu,33,29,0.5597863980893097,0.0
Cu,34,29,0.0,69.15
Cu,35,29,1.390331016114265e-20,0.0
Cu,36,29,0.0,30.85
Cu,37,29,0.735503485499103,0.0
Cu,38,29,2.1441731933415066e-97,0.0
Cu,39,29,0.969572525480873,0.0
Cu,40,29,0.8428215734716199,0.0
Cu,41,29,0.9564756000936208,0.0
Cu,42,29,0.980786968981793,0.0
Cu,43,29,0.9933919299580276,0.0
Cu,44,29,0.9958088076649545,0.0
Cu,45,29,0.9983713277285029,0.0
Cu,46,29,0.9987767487824656,0.0
Cu,47,29,0.9993592053966113,0.0
Cu,48,29,0.9995303103387403,0.0
Cu,49,29,0.9996650561062347,0.0
Cu,50,29,0.9997590290381673,0.0
Cu,51,29,0.9998864064522357,0.0
Cu,52,29,0.9999268026790546,0.0
Cu,53,29,0.9999670005444941,0.0
Zn,24,30,0.9999984100012641,0.0
Zn,25,30,0.9999800001999987,0.0
Zn,26,30,0.9999700004499955,0.0
Zn,27,30,0.9999600007999894,0.0
Zn,28,30,0.9999133037583364,0.0
Zn,29,30,0.9998214159480305,0.0
Zn,30,30,0.8669274370455051,0.0
Zn,31,30,0.91475409359117,0.0
Zn,32,30,4.237512382858009e-15,0.0
Zn,33,30,0.09944008271220593,0.0
Zn,34,30,0.0,49.17
Zn,35,30,0.0,0.0
Zn,36,30,0.0,27.73
Zn,37,30,0.0,4.04
Zn,38,30,0.0,18.45
Zn,39,30,0.033911536932488856,0.0
Zn,40,30,0.0,0.61
Zn,41,30,0.8632939774163194,0.0
Zn,42,30,1.9911488596597545e-73,0.0
Zn,43,30,0.9757976889184073,0.0
Zn,44,30,0.9088274743619462,0.0
Zn,45,30,0.9898518435820949,0.0
Zn,46,30,0.9943162141784332,0.0
Zn,47,30,0.9979221617009609,0.0
Zn,48,30,0.9985310799207741,0.0
Zn,49,30,0.9992542781888194,0.0
Zn,50,30,0.9994382578362409,0.0
Zn,51,30,0.9996800511945391,0.0
Zn,52,30,0.9998340137772377,0.0
Zn,53,30,0.999883006844233,0.0
Ga,29,31,0.9999300024499428,0.0
Ga,30,31,0.9998330139437238,0.0
Ga,31,31,0.9998838857417823,0.0
Ga,32,31,0.9681192569165628,0.0
Ga,33,31,0.8541743065413935,0.0
Ga,34,31,0.401719980097586,0.0
Ga,35,31,1.4546661075044998e-15,0.0
Ga,36,31,4.084038953235654e-123,0.0
Ga,37,31,0.017204229916835685,0.0
Ga,38,31,0.0,60.108
Ga,39,31,0.2812813120294921,0.0
Ga,40,31,0.0,39.892
Ga,41,31,9.020115499931929e-23,0.0
Ga,42,31,2.5210632671710036e-08,0.0
Ga,43,31,0.6143441518265632,0.0
Ga,44,31,0.8816148467834161,0.0
Ga,45,31,0.9679256524262738,0.0
Ga,46,31,0.9868867379336502,0.0
Ga,47,31,0.9949229320992347,0.0
Ga,48,31,0.997156051704669,0.0
Ga,49,31,0.9981018038573761,0.0
Ga,50,31,0.9987837402441772,0.0
Ga,51,31,0.9994001799640054,0.0
Ga,52,31,0.999691947457931,0.0
Ga,53,31,0.9999150036123976,0.0
Ga,54,31,0.9999080042318702,0.0
Ga,55,31,0.9999570009244867,0.0
Ge,27,32,0.9999867000884446,0.0
Ge,29,32,0.9999560009679858,0.0
Ge,30,32,0.9998710083201422,0.0
Ge,31,32,0.9998500112494375,0.0
Ge,32,32,0.9382864432450351,0.0
Ge,33,32,0.969572525480873,0.0
Ge,34,32,0.00029280608324001184,0.0
Ge,35,32,0.32174370422037013,0.0
Ge,36,32,0.0,0.0
Ge,37,32,8.84874610234379e-62,0.0
Ge,38,32,0.0,20.52
Ge,39,32,0.0,0.0
Ge,40,32,0.0,27.45
Ge,41,32,0.0,7.76
Ge,42,32,0.0,36.52
Ge,43,32,0.006965401695324437,0.0
Ge,44,32,0.0,7.75
Ge,45,32,2.9651620163052518e-18,0.0
Ge,46,32,0.00509243079269919,0.0
Ge,47,32,0.9811989860262881,0.0
Ge,48,32,0.9709308776411942,0.0
Ge,49,32,0.9924288069761313,0.0
Ge,50,32,0.9960079893439915,0.0
Ge,51,32,0.9981517101952171,0.0
Ge,52,32,0.9990464549133261,0.0
Ge,53,32,0.999497126483292,0.0
Ge,54,32,0.9997740255360762,0.0
Ge,55,32,0.9998600097995427,0.0
As,31,33,0.9999310023804453,0.0
As,32,33,0.9998720081916505,0.0
As,33,33,0.9999042345858,0.0
As,34,33,0.958390465520947,0.0
As,35,33,0.8593319447816459,0.0
As,36,33,0.401719980097586,0.0
As,37,33,0.042595783903756214,0.0
As,38,33,8.054770933215862e-103,0.0
As,39,33,2.2389092666752635e-41,0.0
As,40,33,0.0,0.0
As,41,33,0.0,0.0
As,42,33,0.0,100.0
As,43,33,9.436393906535182e-42,0.0
As,44,33,2.2562196074741982e-61,0.0
As,45,33,0.004330812977380874,0.0
As,46,33,0.5823987082962748,0.0
As,47,33,0.9849149369160675,0.0
As,48,33,0.9672483415560369,0.0
As,49,33,0.981081249212315,0.0
As,50,33,0.9866893803224824,0.0
As,51,33,0.9958088076649545,0.0
As,52,33,0.9979810408454189,0.0
As,53,33,0.9990554463718818,0.0
As,54,33,0.9995161171091056,0.0
As,55,33,0.9998000199986667,0.0
Se,31,34,0.9999670005444941,0.0
Se,32,34,0.9999580008819876,0.0
Se,33,34,0.9998640092475808,0.0
Se,34,34,0.9651227342300005,0.0
Se,35,34,0.9729719748862449,0.0
Se,36,34,0.08492387601958441,0.0
Se,37,34,0.7524655982616166,0.0
Se,38,34,6.40378607e-316,0.0
Se,39,34,6.626131275949298e-12,0.0
Se,40,34,0.0,0.86
Se,41,34,0.0,0.0
Se,42,34,0.0,9.23
Se,43,34,0.0,7.6
Se,44,34,0.0,23.69
Se,45,34,0.0,0.0
Se,46,34,0.0,49.8
Se,47,34,0.3305491224578677,0.0
Se,48,34,0.0,8.82
Se,49,34,0.262369883958126,0.0
Se,50,34,0.8223411053418056,0.0
Se,51,34,0.967635318282845,0.0
Se,52,34,0.9858017593695354,0.0
Se,53,34,0.9945150973089191,0.0
Se,54,34,0.9984711698532988,0.0
Se,55,34,0.9995700924367502,0.0
Se,56,34,0.9998050190112643,0.0
Se,57,34,0.9997300364467198,0.0
Br,35,35,0.9999209031283225,0.0
Br,36,35,0.978827355310705,0.0
Br,37,35,0.9244096143479162,0.0
Br,38,35,0.8154623711872927,0.0
Br,39,35,0.21783878676890578,0.0
Br,40,35,0.0030215056869598305,0.0
Br,41,35,4.698354860898014e-26,0.0
Br,42,35,6.610493888569815e-90,0.0
Br,43,35,0.6790910949266368,0.0
Br,44,35,0.0,50.65
Br,45,35,0.3461787565180944,0.0
Br,46,35,0.0,49.35
Br,47,35,6.886515386464336e-56,0.0
Br,48,35,0.00019424311759511038,0.0
Br,49,35,0.14873337581928597,0.0
Br,50,35,0.8402968976584314,0.0
Br,51,35,0.9463905041709565,0.0
Br,52,35,0.9458417568306493,0.0
Br,53,35,0.9837927736425792,0.0
Br,54,35,0.9956524779543545,0.0
Br,55,35,0.9980918228892425,0.0
Br,56,35,0.9994571473978198,0.0
Br,57,35,0.9996860492928406,0.0
Br,58,35,0.9998980052018231,0.0
Br,59,35,0.9999300024499428,0.0
Kr,33,36,0.9999720003919963,0.0
Kr,34,36,0.9999600007999894,0.0
Kr,35,36,0.9999000049998333,0.0
Kr,36,36,0.9830453751820007,0.0
Kr,37,36,0.9730692769487556,0.0
Kr,38,36,0.5015760690660555,0.0
Kr,39,36,0.7588129307612413,0.0
Kr,40,36,7.25754945959883e-24,0.0
Kr,41,36,0.01391204871893762,0.0
Kr,42,36,0.0,0.355
Kr,43,36,1.6457235156630354e-55,0.0
Kr,44,36,0.0,2.286
Kr,45,36,0.0,0.0
Kr,46,36,0.0,11.593
Kr,47,36,0.0,11.5
Kr,48,36,0.0,56.987
Kr,49,36,0.0,0.0
Kr,50,36,0.0,17.279
Kr,51,36,0.010275426612469454,0.0
Kr,52,36,3.8302323416555486e-05,0.0
Kr,53,36,0.8277865066947336,0.0
Kr,54,36,0.9681967095551803,0.0
Kr,55,36,0.9914666177705729,0.0
Kr,56,36,0.9981616917622268,0.0
Kr,57,36,0.9987148265436503,0.0
Kr,58,36,0.9997880224704121,0.0
Kr,59,36,0.999886006497753,0.0
Kr,60,36,0.9999200031999147,0.0
Kr,61,36,0.9999370019844583,0.0
Kr,62,36,0.9999570009244867,0.0
Kr,63,36,0.9999870000844996,0.0
Kr,64,36,0.9999930000245,0.0
Rb,37,37,0.9999352260979197,0.0
Rb,38,37,0.981179362242806,0.0
Rb,39,37,0.964158093896324,0.0
Rb,40,37,0.7970801823860759,0.0
Rb,41,37,0.34659442037435023,0.0
Rb,42,37,0.25309256186249957,0.0
Rb,43,37,0.9671516215579617,0.0
Rb,44,37,7.109847137618853e-08,0.0
Rb,45,37,0.9273260956796445,0.0
Rb,46,37,0.0,0.0
Rb,47,37,0.0,0.0
Rb,48,37,0.0,72.17
Rb,49,37,0.0,0.0
Rb,50,37,0.0,27.83
Rb,51,37,0.3442524584265618,0.0
Rb,52,37,0.3988379838774887,0.0
Rb,53,37,0.8538497819684817,0.0
Rb,54,37,0.943461236319052,0.0
Rb,55,37,0.9955300202308706,0.0
Rb,56,37,0.9941770196522924,0.0
Rb,57,37,0.9973016471164243,0.0
Rb,58,37,0.9996223713196656,0.0
Rb,59,37,0.9997970206031058,0.0
Rb,60,37,0.9998309142965991,0.0
Rb,61,37,0.9998850066122466,0.0
Rb,62,37,0.9999460014579737,0.0
Rb,63,37,0.9999480013519766,0.0
Rb,64,37,0.9999680005119945,0.0
Rb,65,37,0.9999630006844915,0.0
Rb,66,37,0.999977000264498,0.0
Sr,35,38,0.9999750003124974,0.0
Sr,36,38,0.9999730003644968,0.0
Sr,37,38,0.9999120038718864,0.0
Sr,38,38,0.9921410443497058,0.0
Sr,39,38,0.9910403787728836,0.0
Sr,40,38,0.8521437889662113,0.0
Sr,41,38,0.8737159116880344,0.0
Sr,42,38,0.0016985165950437044,0.0
Sr,43,38,0.262369883958126,0.0
Sr,44,38,0.0,0.0
Sr,45,38,2.1293989199642482e-51,0.0
Sr,46,38,0.0,0.56
Sr,47,38,0.0,0.0
Sr,48,38,0.0,9.86
Sr,49,38,0.0,7.0
Sr,50,38,0.0,82.58
Sr,51,38,0.0,0.0
Sr,52,38,0.0,0.0
Sr,53,38,8.177295626175229e-16,0.0
Sr,54,38,8.275716180166253e-05,0.0
Sr,55,38,0.6403118216205885,0.0
Sr,56,38,0.9274652050269366,0.0
Sr,57,38,0.9763833432104764,0.0
Sr,58,38,0.9989305722458808,0.0
Sr,59,38,0.9995710920073425,0.0
Sr,60,38,0.9993472131581,0.0
Sr,61,38,0.999731036177256,0.0
Sr,62,38,0.9998000199986667,0.0
Sr,63,38,0.9998820069617261,0.0
Sr,64,38,0.9999310023804453,0.0
Sr,65,38,0.9999470014044752,0.0
Sr,66,38,0.9999470014044752,0.0
Sr,67,38,0.9999610007604901,0.0
Sr,68,38,0.9999800001999987,0.0
Y,38,39,0.9999430016244691,0.0
Y,39,39,0.9999470014044752,0.0
Y,40,39,0.9853089816945356,0.0
Y,41,39,0.9703484938472192,0.0
Y,42,39,0.9320209369595469,0.0
Y,43,39,0.9917343498995819,0.0
Y,44,39,0.6539005521631407,0.0
Y,45,39,0.09348072627805847,0.0
Y,46,39,6.455454710550197e-05,0.0
Y,47,39,9.007361900023156e-24,0.0
Y,48,39,1.721397781155465e-125,0.0
Y,49,39,0.0,0.0
Y,50,39,0.0,100.0
Y,51,39,7.250673726909189e-101,0.0
Y,52,39,0.0,0.0
Y,53,39,2.919786677510111e-06,0.0
Y,54,39,1.2133213152342018e-16,0.0
Y,55,39,0.32562788715856034,0.0
Y,56,39,0.539021403076357,0.0
Y,57,39,0.9946742324549607,0.0
Y,58,39,0.996257022469171,0.0
Y,59,39,0.999452150124576,0.0
Y,60,39,0.9985171005835107,0.0
Y,61,39,0.9992682678466415,0.0
Y,62,39,0.9995501012348142,0.0
Y,63,39,0.9996400647922247,0.0
Y,64,39,0.9997700264479723,0.0
Y,65,39,0.9998030194032258,0.0
Y,66,39,0.9998930057242958,0.0
Y,67,39,0.9999210031204179,0.0
Y,68,39,0.9999665005611187,0.0
Y,69,39,0.9999700004499955,0.0
Y,70,39,0.9999750003124974,0.0
Zr,39,40,0.9999440015679707,0.0
Zr,40,40,0.9954105637959723,0.0
Zr,41,40,0.9945150973089191,0.0
Zr,42,40,0.9685065820791976,0.0
Zr,43,40,0.9588697805724845,0.0
Zr,44,40,0.21267289455348304,0.0
Zr,45,40,0.6240030642298543,0.0
Zr,46,40,1.5955402886531186e-26,0.0
Zr,47,40,0.002362582449372614,0.0
Zr,48,40,0.0,0.0
Zr,49,40,2.5650204165703605e-123,0.0
Zr,50,40,0.0,51.45
Zr,51,40,0.0,11.22
Zr,52,40,0.0,17.15
Zr,53,40,0.0,0.0
Zr,54,40,0.0,17.38
Zr,55,40,0.0,0.0
Zr,56,40,0.0,2.8
Zr,57,40,6.510377946538727e-27,0.0
Zr,58,40,0.9697664593787125,0.0
Zr,59,40,0.99790220345731,0.0
Zr,60,40,0.9929251454538985,0.0
Zr,61,40,0.9977026429733321,0.0
Zr,62,40,0.9971042009381119,0.0
Zr,63,40,0.9987008446339523,0.0
Zr,64,40,0.9988007197120864,0.0
Zr,65,40,0.9993402177520919,0.0
Zr,66,40,0.999820016199028,0.0
Zr,67,40,0.9998540106574814,0.0
Zr,68,40,0.9999226029953027,0.0
Zr,69,40,0.9999440015679707,0.0
Zr,70,40,0.9999625007031162,0.0
Zr,71,40,0.9999760002879977,0.0
Zr,72,40,0.9999700004499955,0.0
Nb,41,41,0.9999500012499791,0.0
Nb,42,41,0.9961075951231319,0.0
Nb,43,41,0.9902478635182347,0.0
Nb,44,41,0.9797086964745179,0.0
Nb,45,41,0.9157608767233256,0.0
Nb,46,41,0.8009153643346592,0.0
Nb,47,41,0.418951549247639,0.0
Nb,48,41,0.000670156024702232,0.0
Nb,49,41,1.4910150637690417e-23,0.0
Nb,50,41,0.0,0.0
Nb,51,41,0.0,0.0
Nb,52,41,0.0,100.0
Nb,53,41,0.0,0.0
Nb,54,41,0.0,0.0
Nb,55,41,3.1131916089304744e-37,0.0
Nb,56,41,0.013220323161014392,0.0
Nb,57,41,0.9971440859038435,0.0
Nb,58,41,0.9851119396030626,0.0
Nb,59,41,0.9986009795428267,0.0
Nb,60,41,0.9929251454538985,0.0
Nb,61,41,0.9957092317630661,0.0
Nb,62,41,0.9985011244377109,0.0
Nb,63,41,0.9951119854158298,0.0
Nb,64,41,0.9970942299459576,0.0
Nb,65,41,0.998980520023177,0.0
Nb,66,41,0.9997000449955004,0.0
Nb,67,41,0.9998020196007064,0.0
Nb,68,41,0.99989200583179,0.0
Nb,69,41,0.9999180033619081,0.0
Nb,70,41,0.9999460014579737,0.0
Nb,71,41,0.9999670005444941,0.0
Nb,72,41,0.9999680005119945,0.0
Nb,73,41,0.9999830001444991,0.0
Nb,74,41,0.999977000264498,0.0
Mo,41,42,0.999994000018,0.0
Mo,42,42,0.9977026429733321,0.0
Mo,43,42,0.9968051145430329,0.0
Mo,44,42,0.981081249212315,0.0
Mo,45,42,0.985998939438759,0.0
Mo,46,42,0.6187833918061408,0.0
Mo,47,42,0.8810860365342851,0.0
Mo,48,42,2.028437590672697e-09,0.0
Mo,49,42,0.39479051363169804,0.0
Mo,50,42,0.0,14.649
Mo,51,42,0.0,0.0
Mo,52,42,0.0,9.187
Mo,53,42,0.0,15.873
Mo,54,42,0.0,16.673
Mo,55,42,0.0,9.582
Mo,56,42,0.0,24.292
Mo,57,42,8.520283980929304e-104,0.0
Mo,58,42,0.0,9.744
Mo,59,42,0.41619557374594396,0.0
Mo,60,42,0.5076312402601327,0.0
Mo,61,42,0.9347277206160275,0.0
Mo,62,42,0.9417645335842487,0.0
Mo,63,42,0.9643509447995507,0.0
Mo,64,42,0.9913079958018255,0.0
Mo,65,42,0.9965061178604149,0.0
Mo,66,42,0.9989105938342207,0.0
Mo,67,42,0.9993901860121756,0.0
Mo,68,42,0.9997040438036779,0.0
Mo,69,42,0.9998140172969275,0.0
Mo,70,42,0.999880007199712,0.0
Mo,71,42,0.9999200031999147,0.0
Mo,72,42,0.9999420016819675,0.0
Mo,73,42,0.9999545010351093,0.0
Mo,74,42,0.9999680005119945,0.0
Mo,75,42,0.9999780002419982,0.0
Mo,76,42,0.9999810001804988,0.0
Tc,43,43,0.9999450015124722,0.0
Tc,44,43,0.997802418226309,0.0
Tc,45,43,0.993620436379149,0.0
Tc,46,43,0.9872815715902905,0.0
Tc,47,43,0.9519907125149182,0.0
Tc,48,43,0.8282833276301265,0.0
Tc,49,43,0.774916497961081,0.0
Tc,50,43,5.017468205617528e-05,0.0
Tc,51,43,2.3179443664303073e-08,0.0
Tc,52,43,5.380186160021138e-32,0.0
Tc,53,43,2.5198515020808384e-161,0.0
Tc,54,43,0.0,0.0
Tc,55,43,0.0,0.0
Tc,56,43,0.0,0.0
Tc,57,43,0.9844718249021358,0.0
Tc,58,43,0.4260493901985531,0.0
Tc,59,43,0.9947339146993573,0.0
Tc,60,43,0.9472426390278769,0.0
Tc,61,43,0.3335374920516932,0.0
Tc,62,43,0.632294507813932,0.0
Tc,63,43,0.9650262267820303,0.0
Tc,64,43,0.9790231403596195,0.0
Tc,65,43,0.9948433414483352,0.0
Tc,66,43,0.9990904139244334,0.0
Tc,67,43,0.9991004048785274,0.0
Tc,68,43,0.9997100420459355,0.0
Tc,69,43,0.9997290367171832,0.0
Tc,70,43,0.9998480115514147,0.0
Tc,71,43,0.9999000049998333,0.0
Tc,72,43,0.9999220030419209,0.0
Tc,73,43,0.9999430016244691,0.0
Tc,74,43,0.9999555009901103,0.0
Tc,75,43,0.9999700004499955,0.0
Tc,76,43,0.9999780002419982,0.0
Tc,77,43,0.9999790002204985,0.0
Tc,78,43,0.9999780002419982,0.0
Ru,44,44,0.9988007197120864,0.0
Ru,45,44,0.9986808708167985,0.0
Ru,46,44,0.9883681788434628,0.0
Ru,47,44,0.9920319148370607,0.0
Ru,48,44,0.8033217181536265,0.0
Ru,49,44,0.9420471053279662,0.0
Ru,50,44,0.04469024651236344,0.0
Ru,51,44,0.002699199584789032,0.0
Ru,52,44,0.0,5.54
Ru,53,44,6.453385974566197e-107,0.0
Ru,54,44,0.0,1.87
Ru,55,44,0.0,12.76
Ru,56,44,0.0,12.6
Ru,57,44,0.0,17.06
Ru,58,44,0.0,31.55
Ru,59,44,0.0,0.0
Ru,60,44,0.0,18.62
Ru,61,44,1.1476262181777219e-07,0.0
Ru,62,44,0.0,0.0
Ru,63,44,0.7985162187593771,0.0
Ru,64,44,0.7610927876289343,0.0
Ru,65,44,0.9661849533510629,0.0
Ru,66,44,0.9880321907838628,0.0
Ru,67,44,0.9978822456128199,0.0
Ru,68,44,0.9982515303571615,0.0
Ru,69,44,0.9992003199146837,0.0
Ru,70,44,0.9994601457737595,0.0
Ru,71,44,0.9996820505566408,0.0
Ru,72,44,0.9997960208065851,0.0
Ru,73,44,0.9998490113999262,0.0
Ru,74,44,0.9999010049003383,0.0
Ru,75,44,0.9999305024150691,0.0
Ru,76,44,0.9999550010124848,0.0
Ru,77,44,0.9999710004204959,0.0
Ru,78,44,0.9999750003124974,0.0
Ru,79,44,0.9999810001804988,0.0
Ru,80,44,0.9999850001124995,0.0
Rh,45,45,0.9999710004204959,0.0
Rh,46,45,0.9985310799207741,0.0
Rh,47,45,0.9953508409538476,0.0
Rh,48,45,0.987874118279475,0.0
Rh,49,45,0.9318345514113311,0.0
Rh,50,45,0.739929771992727,0.0
Rh,51,45,0.5521144043069306,0.0
Rh,52,45,0.1585001086779083,0.0
Rh,53,45,0.5926211229176163,0.0
Rh,54,45,0.0,0.0
Rh,55,45,8.893387906766636e-33,0.0
Rh,56,45,0.0,0.0
Rh,57,45,0.0,0.0
Rh,58,45,0.0,100.0
Rh,59,45,0.9585821627831383,0.0
Rh,60,45,5.568719903379727e-56,0.0
Rh,61,45,0.9703776047386958,0.0
Rh,62,45,0.2719872741483365,0.0
Rh,63,45,0.9833403330360212,0.0
Rh,64,45,0.9223781486280005,0.0
Rh,65,45,0.9966556049893484,0.0
Rh,66,45,0.9890602787753687,0.0
Rh,67,45,0.9964064722309933,0.0
Rh,68,45,0.9972039163438929,0.0
Rh,69,45,0.9981517101952171,0.0
Rh,70,45,0.9990104898883235,0.0
Rh,71,45,0.9993202311476036,0.0
Rh,72,45,0.9995600967858043,0.0
Rh,73,45,0.9997340353748634,0.0
Rh,74,45,0.9998290146196667,0.0
Rh,75,45,0.9998680087116166,0.0
Rh,76,45,0.9998490113999262,0.0
Rh,78,45,0.9999578008904074,0.0
Rh,79,45,0.9999700004499955,0.0
Rh,80,45,0.9999735003511219,0.0
Rh,81,45,0.9999810001804988,0.0
Rh,82,45,0.9999800001999987,0.0
Pd,46,46,0.999000499833375,0.0
Pd,47,46,0.999000499833375,0.0
Pd,48,46,0.9910403787728836,0.0
Pd,49,46,0.9950124791926823,0.0
Pd,50,46,0.8851483685026271,0.0
Pd,51,46,0.8302735949819326,0.0
Pd,52,46,0.34576359115930777,0.0
Pd,53,46,0.2769273725870171,0.0
Pd,54,46,6.185190094812883e-137,0.0
Pd,55,46,5.721272821716565e-14,0.0
Pd,56,46,0.0,1.02
Pd,57,46,0.0,0.0
Pd,58,46,0.0,11.14
Pd,59,46,0.0,22.33
Pd,60,46,0.0,27.33
Pd,61,46,0.0,0.0
Pd,62,46,0.0,26.46
Pd,63,46,5.656877411354964e-22,0.0
Pd,64,46,0.0,11.72
Pd,65,46,0.2456125462338122,0.0
Pd,66,46,1.2729131197324038e-33,0.0
Pd,67,46,0.9111935002961405,0.0
Pd,68,46,0.8648493059514117,0.0
Pd,69,46,0.9753099120283326,0.0
Pd,70,46,0.9882693469672547,0.0
Pd,71,46,0.9957092317630661,0.0
Pd,72,46,0.9981018038573761,0.0
Pd,73,46,0.9990804230702485,0.0
Pd,74,46,0.9995081210121531,0.0
Pd,75,46,0.9997150406086421,0.0
Pd,76,46,0.9998250153116068,0.0
Pd,77,46,0.9998910059402841,0.0
Pd,78,46,0.9999620007219908,0.0
Pd,79,46,0.9999430016244691,0.0
Pd,80,46,0.999951501176106,0.0
Pd,81,46,0.9999620007219908,0.0
Pd,82,46,0.9999650006124928,0.0
Pd,83,46,0.9999690004804951,0.0
Ag,47,47,0.9999740003379971,0.0
Ag,48,47,0.9982515303571615,0.0
Ag,49,47,0.99560966581827,0.0
Ag,50,47,0.9748223789657411,0.0
Ag,51,47,0.9536104731326264,0.0
Ag,52,47,0.8833798408827509,0.0
Ag,53,47,0.8863884440688815,0.0
Ag,54,47,0.5137595112299983,0.0
Ag,55,47,0.4611647152086584,0.0
Ag,56,47,0.019409357186406115,0.0
Ag,57,47,0.015732919159709032,0.0
Ag,58,47,0.0,0.0
Ag,59,47,0.2374970682011131,0.0
Ag,60,47,0.0,51.839
Ag,61,47,0.8668234119946876,0.0
Ag,62,47,0.0,48.161
Ag,63,47,0.975739142813473,0.0
Ag,64,47,2.840062441379722e-280,0.0
Ag,65,47,1.2775260892110748e-05,0.0
Ag,66,47,4.0199354164670235e-09,0.0
Ag,67,47,0.9954105637959723,0.0
Ag,68,47,0.30119421191220214,0.0
Ag,69,47,0.794533602503334,0.0
Ag,70,47,0.929786768785054,0.0
Ag,71,47,0.9962470599487591,0.0
Ag,72,47,0.99790220345731,0.0
Ag,73,47,0.9987707561399508,0.0
Ag,74,47,0.9992203041209234,0.0
Ag,75,47,0.9994711398958306,0.0
Ag,76,47,0.9997010446960451,0.0
Ag,77,47,0.9998090182393388,0.0
Ag,78,47,0.99984101263983,0.0
Ag,79,47,0.9999480013519766,0.0
Ag,80,47,0.9998910059402841,0.0
Ag,81,47,0.9999420016819675,0.0
Ag,82,47,0.9999540010579838,0.0
Ag,83,47,0.9999580008819876,0.0
Ag,84,47,0.9999650006124928,0.0
Ag,85,47,0.9999720003919963,0.0
Cd,47,48,0.9999680005119945,0.0
Cd,48,48,0.9989705302679257,0.0
Cd,49,48,0.9972039163438929,0.0
Cd,50,48,0.9907431112516095,0.0
Cd,51,48,0.9841273200552851,0.0
Cd,52,48,0.9520859163462819,0.0
Cd,53,48,0.9216405411914118,0.0
Cd,54,48,0.7189237334319262,0.0
Cd,55,48,0.6453257828572946,0.0
Cd,56,48,0.0313669653119696,0.0
Cd,57,48,0.0357931050676553,0.0
Cd,58,48,0.0,1.245
Cd,59,48,6.878743627134586e-11,0.0
Cd,60,48,0.0,0.888
Cd,61,48,0.0,0.0
Cd,62,48,0.0,12.47
Cd,63,48,0.0,12.795
Cd,64,48,0.0,24.109
Cd,65,48,0.0,12.227
Cd,66,48,0.0,28.754
Cd,67,48,2.6146959297452746e-84,0.0
Cd,68,48,0.0,7.512
Cd,69,48,0.0001279334949207558,0.0
Cd,70,48,0.04889891846627454,0.0
Cd,71,48,0.8509516223729944,0.0
Cd,72,48,0.9504687452733739,0.0
Cd,73,48,0.9865907163177327,0.0
Cd,74,48,0.9947737048517431,0.0
Cd,75,48,0.99790220345731,0.0
Cd,76,48,0.9987507809245809,0.0
Cd,77,48,0.9993202311476036,0.0
Cd,78,48,0.9994861320753701,0.0
Cd,79,48,0.9996300684415587,0.0
Cd,80,48,0.9997200391963416,0.0
Cd,81,48,0.9998460118573913,0.0
Cd,82,48,0.9998380131212914,0.0
Cd,83,48,0.9999320023119476,0.0
Cd,84,48,0.9999160035279012,0.0
Cd,85,48,0.9999430016244691,0.0
Cd,86,48,0.9999350021124542,0.0
In,48,49,0.9999640006479922,0.0
In,49,49,0.9999700004499955,0.0
In,50,49,0.996904800038679,0.0
In,51,49,0.9943659312320582,0.0
In,52,49,0.9850134333344979,0.0
In,53,49,0.9769693490005595,0.0
In,54,49,0.9370674633774034,0.0
In,55,49,0.8976275964304349,0.0
In,56,49,0.7377133090335346,0.0
In,57,49,0.6893542425242224,0.0
In,58,49,0.14313028207887982,0.0
In,59,49,0.030807411032751076,0.0
In,60,49,3.1446281597180854e-07,0.0
In,61,49,2.0313096726161672e-08,0.0
In,62,49,5.742759577132704e-106,0.0
In,63,49,0.40950752491378833,0.0
In,64,49,0.0,4.281
In,65,49,0.9306239535535964,0.0
In,66,49,0.0,95.719
In,67,49,0.985998939438759,0.0
In,68,49,0.07487014994525974,0.0
In,69,49,0.9950124791926823,0.0
In,70,49,0.865887748059205,0.0
In,71,49,0.996924738334062,0.0
In,72,49,0.9771647624110493,0.0
In,73,49,0.9985011244377109,0.0
In,74,49,0.9938688725414702,0.0
In,75,49,0.9968848621420578,0.0
In,76,49,0.9976427826105826,0.0
In,77,49,0.9984711698532988,0.0
In,78,49,0.9989105938342207,0.0
In,79,49,0.9991603527012367,0.0
In,80,49,0.9993891866224893,0.0
In,81,49,0.9997100420459355,0.0
In,82,49,0.9997200391963416,0.0
In,83,49,0.9998000199986667,0.0
In,84,49,0.9998350136117513,0.0
In,85,49,0.9998600097995427,0.0
In,86,49,0.9998990051003283,0.0
In,87,49,0.9999150036123976,0.0
In,88,49,0.9999350021124542,0.0
Sn,50,50,0.9988206959262421,0.0
Sn,51,50,0.9983014441815146,0.0
Sn,52,50,0.9962072108633482,0.0
Sn,53,50,0.9930244429332351,0.0
Sn,54,50,0.9794148279480585,0.0
Sn,55,50,0.9678288647004981,0.0
Sn,56,50,0.8913661439068313,0.0
Sn,57,50,0.8402968976584314,0.0
Sn,58,50,0.539021403076357,0.0
Sn,59,50,0.33756405300340836,0.0
Sn,60,50,3.201743966737728e-07,0.0
Sn,61,50,0.12027193199185891,0.0
Sn,62,50,0.0,0.97
Sn,63,50,0.0,0.0
Sn,64,50,0.0,0.66
Sn,65,50,0.0,0.34
Sn,66,50,0.0,14.54
Sn,67,50,0.0,7.68
Sn,68,50,0.0,24.22
Sn,69,50,0.0,8.59
Sn,70,50,0.0,32.58
Sn,71,50,5.49126692645335e-43,0.0
Sn,72,50,0.0,4.63
Sn,73,50,0.0,0.0
Sn,74,50,0.0,5.79
Sn,75,50,0.0,0.0
Sn,76,50,0.0,0.0
Sn,77,50,0.0005208752438850122,0.0
Sn,78,50,0.028891726648115984,0.0
Sn,79,50,0.8747650001092222,0.0
Sn,80,50,0.7999548423259255,0.0
Sn,81,50,0.9455391358903963,0.0
Sn,82,50,0.9610777192239175,0.0
Sn,83,50,0.9985410652814999,0.0
Sn,84,50,0.9989505510571132,0.0
Sn,85,50,0.9994851325897378,0.0
Sn,86,50,0.9996550595056567,0.0
Sn,87,50,0.9998100180488569,0.0
Sn,88,50,0.9998600097995427,0.0
Sn,89,50,0.9998700084496338,0.0
Sb,53,51,0.9995600967858043,0.0
Sb,54,51,0.998780743897451,0.0
Sb,55,51,0.9994001799640054,0.0
Sb,56,51,0.9960079893439915,0.0
Sb,57,51,0.9926273125874261,0.0
Sb,58,51,0.9829470755595455,0.0
Sb,59,51,0.976676302155084,0.0
Sb,60,51,0.9277434863285529,0.0
Sb,61,51,0.9479059410038031,0.0
Sb,62,51,0.6701859954319394,0.0
Sb,63,51,0.8110707424521189,0.0
Sb,64,51,0.14572995401294303,0.0
Sb,65,51,0.3875152794993697,0.0
Sb,66,51,4.19094172885549e-05,0.0
Sb,67,51,0.8057353018734796,0.0
Sb,68,51,1.956399080413309e-60,0.0
Sb,69,51,0.38542833680661187,0.0
Sb,70,51,0.0,57.21
Sb,71,51,6.233541176042689e-103,0.0
Sb,72,51,0.0,42.79
Sb,73,51,0.0,0.0
Sb,74,51,0.0,0.0
Sb,75,51,0.0,0.0
Sb,76,51,3.437823212876506e-145,0.0
Sb,77,51,7.0906456048516785e-15,0.0
Sb,78,51,1.492564305260771e-07,0.0
Sb,79,51,0.09348072627805847,0.0
Sb,80,51,0.2511261189770806,0.0
Sb,81,51,0.845861199179597,0.0
Sb,82,51,0.8690105616440329,0.0
Sb,83,51,0.9992203041209234,0.0
Sb,84,51,0.9983224087319694,0.0
Sb,85,51,0.9990774258334751,0.0
Sb,86,51,0.9995501012348142,0.0
Sb,87,51,0.9996520605449766,0.0
Sb,88,51,0.999907004324366,0.0
Sb,89,51,0.9998270149636371,0.0
Sb,91,51,0.9999470014044752,0.0
Te,55,52,0.999996900004805,0.0
Te,56,52,0.99790220345731,0.0
Te,57,52,0.99560966581827,0.0
Te,58,52,0.9815719124925191,0.0
Te,59,52,0.9808850525827895,0.0
Te,60,52,0.8869204367171575,0.0
Te,61,52,0.9030295516688768,0.0
Te,62,52,0.401719980097586,0.0
Te,63,52,0.7060988762143844,0.0
Te,64,52,0.0001279334949207558,0.0
Te,65,52,0.024233967845691113,0.0
Te,66,52,7.273452070869372e-226,0.0
Te,67,52,8.062409182280571e-26,0.0
Te,68,52,0.0,0.09
Te,69,52,0.0,0.0
Te,70,52,0.0,2.55
Te,71,52,0.0,0.89
Te,72,52,0.0,4.74
Te,73,52,0.0,7.07
Te,74,52,0.0,8.84
Te,75,52,2.4079515213415705e-15,0.0
Te,76,52,0.0,31.74
Te,77,52,0.015359824148400343,0.0
Te,78,52,0.0,34.08
Te,79,52,0.22313016014842982,0.0
Te,80,52,5.97268307224421e-121,0.0
Te,81,52,0.4723665527410147,0.0
Te,82,52,0.08143093836426381,0.0
Te,83,52,0.981179362242806,0.0
Te,84,52,0.9825244991774883,0.0
Te,85,52,0.9975130974785594,0.0
Te,86,52,0.9986009795428267,0.0
Te,87,52,0.9984012793176064,0.0
Te,88,52,0.9996520605449766,0.0
I,55,53,0.9999640006479922,0.0
I,57,53,0.9993362203992157,0.0
I,58,53,0.9975031223974601,0.0
I,59,53,0.9966655715952312,0.0
I,60,53,0.9934217321629571,0.0
I,61,53,0.99790220345731,0.0
I,62,53,0.9249644265435393,0.0
I,63,53,0.9970942299459576,0.0
I,64,53,0.875290016598484,0.0
I,65,53,0.43955167147334756,0.0
I,66,53,0.3179058529315635,0.0
I,67,53,0.007476429055382319,0.0
I,68,53,0.00048469050729820065,0.0
I,69,53,0.804286282838474,0.0
I,70,53,2.1201502374081603e-21,0.0
I,71,53,2.0126647696257395e-157,0.0
I,72,53,0.0,0.0
I,73,53,0.0,0.0
I,74,53,0.0,100.0
I,75,53,0.2232640784159816,0.0
I,76,53,0.0,0.0
I,77,53,4.738411058966054e-20,0.0
I,78,53,7.414355728348173e-302,0.0
I,79,53,0.00025814219021289534,0.0
I,80,53,2.7109742409783792e-33,0.0
I,81,53,0.04285212686704019,0.0
I,82,53,5.1574177744846024e-11,0.0
I,83,53,0.9199830803795124,0.0
I,84,53,0.9757976889184073,0.0
I,85,53,0.9937595529781768,0.0
I,86,53,0.9977225972257334,0.0
I,87,53,0.9991403696940134,0.0
I,88,53,0.9995700924367502,0.0
I,89,53,0.9997780246401766,0.0
I,90,53,0.9998700084496338,0.0
I,93,53,0.9999060044178616,0.0
Xe,55,54,0.9999870000844996,0.0
Xe,56,54,0.999907004324366,0.0
Xe,57,54,0.9992602737324752,0.0
Xe,58,54,0.9973036417217132,0.0
Xe,59,54,0.9972637503738766,0.0
Xe,60,54,0.9900498337491681,0.0
Xe,61,54,0.9821610323583008,0.0
Xe,62,54,0.9427067691570997,0.0
Xe,63,54,0.9408232397760097,0.0
Xe,64,54,0.7961242598354538,0.0
Xe,65,54,0.7060988762143844,0.0
Xe,66,54,0.09071795328941251,0.0
Xe,67,54,0.0901752752318818,0.0
Xe,68,54,3.753628513701758e-32,0.0
Xe,69,54,0.0006236008859994445,0.0
Xe,70,54,0.0,0.095
Xe,71,54,3.780277844776072e-27,0.0
Xe,72,54,0.0,0.089
Xe,73,54,0.0,0.0
Xe,74,54,0.0,1.91
Xe,75,54,0.0,26.401
Xe,76,54,0.0,4.071
Xe,77,54,0.0,21.232
Xe,78,54,0.0,26.909
Xe,79,54,1.2526525210129901e-197,0.0
Xe,80,54,0.0,10.436
Xe,81,54,5.128311152338515e-15,0.0
Xe,82,54,0.0,8.857
Xe,83,54,0.795264909767397,0.0
Xe,84,54,0.4280993432228562,0.0
Xe,85,54,0.9610969409705189,0.0
Xe,86,54,0.98649206217889,0.0
Xe,87,54,0.9982714955874202,0.0
Xe,88,54,0.9987707561399508,0.0
Xe,89,54,0.999489130538264,0.0
Xe,90,54,0.9988506609965937,0.0
Xe,91,54,0.9998120176708926,0.0
Xe,92,54,0.9998540106574814,0.0
Xe,93,54,0.9999120038718864,0.0
Cs,59,55,0.9994301624191388,0.0
Cs,60,55,0.9986009795428267,0.0
Cs,61,55,0.9993002449428433,0.0
Cs,62,55,0.9916351814230984,0.0
Cs,63,55,0.9860975442628619,0.0
Cs,64,55,0.9579113900670306,0.0
Cs,65,55,0.9405410351368894,0.0
Cs,66,55,0.8564151774836135,0.0
Cs,67,55,0.9790427210182325,0.0
Cs,68,55,0.7035614902950436,0.0
Cs,69,55,0.969572525480873,0.0
Cs,70,55,0.06068856403905322,0.0
Cs,71,55,0.9061231998586106,0.0
Cs,72,55,1.6918979226151304e-10,0.0
Cs,73,55,0.8038038558113518,0.0
Cs,74,55,7.507028707614636e-51,0.0
Cs,75,55,0.17332271804469174,0.0
Cs,76,55,0.0,0.0
Cs,77,55,7.090548432732722e-244,0.0
Cs,78,55,0.0,100.0
Cs,79,55,0.0,0.0
Cs,80,55,0.0,0.0
Cs,81,55,0.0,0.0
Cs,82,55,0.0,0.0
Cs,83,55,0.1422740715865136,0.0
Cs,84,55,0.5733837876497451,0.0
Cs,85,55,0.9382864432450351,0.0
Cs,86,55,0.9754659740988899,0.0
Cs,87,55,0.9983174171324047,0.0
Cs,88,55,0.9982106028834358,0.0
Cs,89,55,0.999006493854356,0.0
Cs,90,55,0.9994131722507946,0.0
Cs,91,55,0.9996780518364361,0.0
Cs,92,55,0.9997705263331105,0.0
Cs,93,55,0.9998540106574814,0.0
Cs,94,55,0.9998870063842595,0.0
Cs,95,55,0.9999160035279012,0.0
Cs,96,55,0.9999310023804453,0.0
Cs,97,55,0.9999500012499791,0.0
Ba,58,56,0.9995700924367502,0.0
Ba,59,56,0.9995501012348142,0.0
Ba,60,56,0.9987008446339523,0.0
Ba,61,56,0.9982515303571615,0.0
Ba,62,56,0.9945150973089191,0.0
Ba,63,56,0.9946145537913912,0.0
Ba,64,56,0.9762857097579093,0.0
Ba,65,56,0.9707367108829891,0.0
Ba,66,56,0.8895851931634113,0.0
Ba,67,56,0.865887748059205,0.0
Ba,68,56,0.5168513344916992,0.0
Ba,69,56,0.8203698531378311,0.0
Ba,70,56,0.0024787521766663585,0.0
Ba,71,56,0.46673202886549986,0.0
Ba,72,56,6.591813863302463e-92,0.0
Ba,73,56,0.0003261999568689777,0.0
Ba,74,56,0.0,0.11
Ba,75,56,0.0,0.0
Ba,76,56,0.0,0.1
Ba,77,56,0.0,0.0
Ba,78,56,0.0,2.42
Ba,79,56,0.0,6.59
Ba,80,56,0.0,7.85
Ba,81,56,0.0,11.23
Ba,82,56,0.0,71.7
Ba,83,56,0.006902994334439614,0.0
Ba,84,56,0.0,0.0
Ba,85,56,0.33413840019246777,0.0
Ba,86,56,0.5294058177086945,0.0
Ba,87,56,0.9856046187323824,0.0
Ba,88,56,0.988565872247913,0.0
Ba,89,56,0.9956992747205338,0.0
Ba,90,56,0.9977924402520166,0.0
Ba,91,56,0.9991063994989404,0.0
Ba,92,56,0.9993881872338024,0.0
Ba,93,56,0.999656059161216,0.0
Ba,94,56,0.9997410335376046,0.0
Ba,95,56,0.9998330139437238,0.0
Ba,96,56,0.9998610096600524,0.0
Ba,97,56,0.9998840067277398,0.0
Ba,98,56,0.9999470014044752,0.0
La,60,57,0.9999765002761228,0.0
La,63,57,0.9972039163438929,0.0
La,64,57,0.9947140202200089,0.0
La,65,57,0.9914368742181953,0.0
La,66,57,0.9838321261405697,0.0
La,67,57,0.9792189645694596,0.0
La,68,57,0.9372548956126777,0.0
La,69,57,0.9474321065017983,0.0
La,70,57,0.7363866194561001,0.0
La,71,57,0.7328604332997608,0.0
La,72,57,0.4985756229912165,0.0
La,73,57,0.593332695123052,0.0
La,74,57,0.029013327082197053,0.0
La,75,57,3.1288976184971305e-08,0.0
La,76,57,7.651453661962816e-07,0.0
La,77,57,0.6790910949266368,0.0
La,78,57,3.2548229561041414e-31,0.0
La,79,57,0.5531091051969148,0.0
La,80,57,0.0,0.0
La,81,57,0.0,0.08881
La,82,57,0.0,99.91119
La,83,57,1.0341179680738707e-63,0.0
La,84,57,7.434234762611724e-07,0.0
La,85,57,0.004228110821451051,0.0
La,86,57,0.4265609563450914,0.0
La,87,57,0.9600211149716509,0.0
La,88,57,0.975504993518237,0.0
La,89,57,0.993918567227454,0.0
La,90,57,0.9959482306574093,0.0
La,91,57,0.998740793466709,0.0
La,92,57,0.9989505510571132,0.0
La,93,57,0.9994101740157753,0.0
La,94,57,0.9995431044085945,0.0
La,95,57,0.9997020443975897,0.0
La,96,57,0.9997550300100492,0.0
La,97,57,0.9998390129598045,0.0
La,98,57,0.9998990051003283,0.0
La,99,57,0.9999160035279012,0.0
Ce,63,58,0.9989006047782276,0.0
Ce,65,58,0.9962072108633482,0.0
Ce,66,58,0.9940179640539353,0.0
Ce,67,58,0.9903468932559909,0.0
Ce,68,58,0.950278670532427,0.0
Ce,69,58,0.9665715046375066,0.0
Ce,70,58,0.7899386458642559,0.0
Ce,71,58,0.8105842459701871,0.0
Ce,72,58,0.25309256186249957,0.0
Ce,73,58,0.539021403076357,0.0
Ce,74,58,3.2527817650895803e-06,0.0
Ce,75,58,0.002967605144780944,0.0
Ce,76,58,2.674135274695226e-119,0.0
Ce,77,58,2.122050002636359e-28,0.0
Ce,78,58,0.0,0.186
Ce,79,58,8.489044033871777e-15,0.0
Ce,80,58,0.0,0.251
Ce,81,58,0.0,0.0
Ce,82,58,0.0,88.449
Ce,83,58,0.0,0.0
Ce,84,58,0.0,11.114
Ce,85,58,2.212282605542334e-52,0.0
Ce,86,58,0.0,0.0
Ce,87,58,0.8347691996029981,0.0
Ce,88,58,0.4451250611531441,0.0
Ce,89,58,0.9451609958690862,0.0
Ce,90,58,0.9447830070735376,0.0
Ce,91,58,0.9947140202200089,0.0
Ce,92,58,0.9960079893439915,0.0
Ce,93,58,0.9982415478917703,0.0
Ce,94,58,0.9986009795428267,0.0
Ce,95,58,0.9991353740046542,0.0
Ce,96,58,0.9992782605792835,0.0
Ce,97,58,0.9996870489793896,0.0
Ce,98,58,0.9997670271423919,0.0
Ce,99,58,0.999820016199028,0.0
Ce,100,58,0.9999010049003383,0.0
Pr,62,59,0.9999900000499998,0.0
Pr,65,59,0.9988007197120864,0.0
Pr,66,59,0.9967054390154381,0.0
Pr,67,59,0.9968649246441906,0.0
Pr,68,59,0.9958088076649545,0.0
Pr,69,59,0.9971640289849917,0.0
Pr,70,59,0.9704455335485082,0.0
Pr,71,59,0.9607894391523232,0.0
Pr,72,59,0.9133829910347823,0.0
Pr,73,59,0.9084640160687062,0.0
Pr,74,59,0.6770568744981647,0.0
Pr,75,59,0.3605949401730783,0.0
Pr,76,59,0.23692775868212176,0.0
Pr,77,59,0.4556638100677035,0.0
Pr,78,59,0.009971741861376457,0.0
Pr,79,59,0.9166770956331523,0.0
Pr,80,59,1.2739160382786655e-07,0.0
Pr,81,59,0.8159517954225929,0.0
Pr,82,59,0.0,100.0
Pr,83,59,1.2783277645039365e-30,0.0
Pr,84,59,0.0,0.0
Pr,85,59,0.35458754856089897,0.0
Pr,86,59,4.408131616424925e-10,0.0
Pr,87,59,0.23565179698241293,0.0
Pr,88,59,0.4464624414039447,0.0
Pr,89,59,0.8716215077899746,0.0
Pr,90,59,0.8731918393784367,0.0
Pr,91,59,0.993829118581653,0.0
Pr,92,59,0.9812774850850906,0.0
Pr,93,59,0.9964363648735477,0.0
Pr,94,59,0.9957191889051693,0.0
Pr,95,59,0.9977026429733321,0.0
Pr,96,59,0.9985310799207741,0.0
Pr,97,59,0.9995560985534135,0.0
Pr,98,59,0.9997050435082215,0.0
Pr,99,59,0.9998190163795118,0.0
Pr,100,59,0.9998700084496338,0.0
Pr,101,59,0.9998300144491812,0.0
Nd,65,60,0.9993502112042366,0.0
Nd,67,60,0.9982016190284373,0.0
Nd,68,60,0.9950124791926823,0.0
Nd,69,60,0.993322394956684,0.0
Nd,70,60,0.9870841350202876,0.0
Nd,71,60,0.974919866077912,0.0
Nd,72,60,0.910282762240767,0.0
Nd,73,60,0.9323938199059483,0.0
Nd,74,60,0.6004955788122659,0.0
Nd,75,60,0.47520927168614446,0.0
Nd,76,60,0.04788274830911178,0.0
Nd,77,60,0.09926125155964566,0.0
Nd,78,60,1.3187452864136499e-08,0.0
Nd,79,60,0.16830120802561438,0.0
Nd,80,60,3.526503288736788e-127,0.0
Nd,81,60,0.0001279334949207558,0.0
Nd,82,60,0.0,27.153
Nd,83,60,0.0,12.173
Nd,84,60,0.0,23.798
Nd,85,60,0.0,8.293
Nd,86,60,0.0,17.189
Nd,87,60,0.0,0.0
Nd,88,60,0.0,5.756
Nd,89,60,0.0019876544574801043,0.0
Nd,90,60,0.0,5.638
Nd,91,60,0.47407013694257466,0.0
Nd,92,60,0.5045945719335512,0.0
Nd,93,60,0.9688940622028877,0.0
Nd,94,60,0.974432527989548,0.0
Nd,95,60,0.991139487766128,0.0
Nd,96,60,0.9947538095765994,0.0
Nd,97,60,0.9988506609965937,0.0
Nd,98,60,0.9991803361081242,0.0
Nd,99,60,0.9995151175934883,0.0
Nd,100,60,0.9995610963464008,0.0
Nd,101,60,0.9997800241982254,0.0
Nd,102,60,0.9996900480450353,0.0
Pm,67,61,0.999000499833375,0.0
Pm,68,61,0.9976028776973818,0.0
Pm,69,61,0.9974033770725698,0.0
Pm,70,61,0.9937198033910547,0.0
Pm,71,61,0.9938191803401585,0.0
Pm,72,61,0.9865907163177327,0.0
Pm,73,61,0.9950124791926823,0.0
Pm,74,61,0.9521811296985049,0.0
Pm,75,61,0.7408182206817179,0.0
Pm,76,61,0.865887748059205,0.0
Pm,77,61,0.9900498337491681,0.0
Pm,78,61,0.7795799733847004,0.0
Pm,79,61,0.9908421905166154,0.0
Pm,80,61,0.28536106665812666,0.0
Pm,81,61,0.960309164511413,0.0
Pm,82,61,0.0,0.0
Pm,83,61,0.0,0.0
Pm,84,61,0.0,0.0
Pm,85,61,0.0,0.0
Pm,86,61,0.0,0.0
Pm,87,61,3.7696749771929614e-202,0.0
Pm,88,61,1.0269186520454075e-83,0.0
Pm,89,61,6.0504065308690925e-05,0.0
Pm,90,61,3.9603372458436376e-45,0.0
Pm,91,61,0.7809844810144426,0.0
Pm,92,61,0.7297888742690568,0.0
Pm,93,61,0.8514623465483491,0.0
Pm,94,61,0.9593493353414723,0.0
Pm,95,61,0.9736532937024304,0.0
Pm,96,61,0.9894955610531084,0.0
Pm,97,61,0.9952115015900972,0.0
Pm,98,61,0.9985011244377109,0.0
Pm,99,61,0.9992752627489985,0.0
Pm,100,61,0.9989505510571132,0.0
Pm,101,61,0.9993701984083321,0.0
Pm,102,61,0.9995700924367502,0.0
Sm,67,62,0.9994501512222747,0.0
Sm,69,62,0.9988007197120864,0.0
Sm,70,62,0.9960079893439915,0.0
Sm,71,62,0.9971141720299768,0.0
Sm,72,62,0.9905449824429005,0.0
Sm,73,62,0.9897528633468309,0.0
Sm,74,62,0.9540873975903711,0.0
Sm,75,62,0.9559974818331,0.0
Sm,76,62,0.8302735949819326,0.0
Sm,77,62,0.8571005837515526,0.0
Sm,78,62,0.4109844087994378,0.0
Sm,79,62,0.5422652533139832,0.0
Sm,80,62,0.012914558991719133,0.0
Sm,81,62,0.5915553643668151,0.0
Sm,82,62,0.0,3.08
Sm,83,62,0.0,0.0
Sm,84,62,0.0,0.0
Sm,85,62,0.0,15.0
Sm,86,62,0.0,11.25
Sm,87,62,0.0,13.82
Sm,88,62,0.0,7.37
Sm,89,62,0.0,0.0
Sm,90,62,0.0,26.74
Sm,91,62,4.333223787062955e-73,0.0
Sm,92,62,0.0,22.74
Sm,93,62,0.2642657641009435,0.0
Sm,94,62,2.011290176299068e-15,0.0
Sm,95,62,0.6176705835287977,0.0
Sm,96,62,0.7276027884145955,0.0
Sm,97,62,0.9886943941650489,0.0
Sm,98,62,0.990445932897216,0.0
Sm,99,62,0.9952115015900972,0.0
Sm,100,62,0.9976028776973818,0.0
Sm,101,62,0.9987707561399508,0.0
Sm,102,62,0.9985710219628063,0.0
Sm,103,62,0.9990204800431731,0.0
Sm,104,62,0.9992003199146837,0.0
Eu,68,63,0.9999822001584191,0.0
Eu,71,63,0.9995001249791693,0.0
Eu,72,63,0.9985011244377109,0.0
Eu,73,63,0.9967054390154381,0.0
Eu,74,63,0.9890602787753687,0.0
Eu,75,63,0.9879729106308383,0.0
Eu,76,63,0.9822592533725054,0.0
Eu,77,63,0.9984911394763913,0.0
Eu,78,63,0.9601171218834137,0.0
Eu,79,63,0.9976627356657647,0.0
Eu,80,63,0.8560726799167001,0.0
Eu,81,63,0.9898518435820949,0.0
Eu,82,63,3.0786024304890847e-223,0.0
Eu,83,63,1.0441687224761238e-173,0.0
Eu,84,63,0.0,0.0
Eu,85,63,0.0,0.0
Eu,86,63,0.0,0.0
Eu,87,63,0.0,0.0
Eu,88,63,0.0,47.81
Eu,89,63,0.0,0.0
Eu,90,63,0.0,52.19
Eu,91,63,0.0,0.0
Eu,92,63,0.0,0.0
Eu,93,63,0.0,0.0
Eu,94,63,1.847885905484498e-24,0.0
Eu,95,63,0.06367266050355457,0.0
Eu,96,63,0.33756405300340836,0.0
Eu,97,63,0.9582946312661874,0.0
Eu,98,63,0.9743350896087494,0.0
Eu,99,63,0.9894559820222522,0.0
Eu,100,63,0.9923295690574124,0.0
Eu,101,63,0.9958585993501196,0.0
Eu,102,63,0.9977026429733321,0.0
Eu,103,63,0.9983014441815146,0.0
Eu,104,63,0.9987008446339523,0.0
Eu,105,63,0.9998000199986667,0.0
Gd,71,64,0.9989006047782276,0.0
Gd,73,64,0.997802418226309,0.0
Gd,74,64,0.9953110277164796,0.0
Gd,75,64,0.9942167875284308,0.0
Gd,76,64,0.9843241652031548,0.0
Gd,77,64,0.9860975442628619,0.0
Gd,78,64,0.9322073597886003,0.0
Gd,79,64,0.9617507091463667,0.0
Gd,80,64,0.7647548148437793,0.0
Gd,81,64,0.25157855305975646,0.0
Gd,82,64,0.0,0.0
Gd,83,64,3.1239729702233653e-60,0.0
Gd,84,64,0.0,0.0
Gd,85,64,0.0,0.0
Gd,86,64,0.0,0.0
Gd,87,64,0.0,0.0
Gd,88,64,0.0,0.2
Gd,89,64,0.0,0.0
Gd,90,64,0.0,2.18
Gd,91,64,0.0,14.8
Gd,92,64,0.0,20.47
Gd,93,64,0.0,15.65
Gd,94,64,0.0,24.84
Gd,95,64,1.284754560789814e-29,0.0
Gd,96,64,0.0,21.86
Gd,97,64,0.8028398696917284,0.0
Gd,98,64,0.6041093828558647,0.0
Gd,99,64,0.9342604735772135,0.0
Gd,100,64,0.9559974818331,0.0
Gd,101,64,0.9897528633468309,0.0
Gd,102,64,0.9952115015900972,0.0
Gd,103,64,0.9957490609289146,0.0
Gd,104,64,0.9969745858171554,0.0
Gd,105,64,0.9992502811797007,0.0
Gd,106,64,0.9995900840385143,0.0
Tb,74,65,0.9984012793176064,0.0
Tb,75,65,0.9977126200496471,0.0
Tb,76,65,0.9965061178604149,0.0
Tb,77,65,0.9994031781690426,0.0
Tb,78,65,0.9880717128619305,0.0
Tb,79,65,0.999000499833375,0.0
Tb,81,65,0.9920319148370607,0.0
Tb,82,65,0.0027285089258602987,0.0
Tb,83,65,0.02732372244729256,0.0
Tb,84,65,3.644778702357167e-07,0.0
Tb,85,65,3.6237541916322634e-06,0.0
Tb,86,65,2.9446283253746744e-28,0.0
Tb,87,65,4.359610000063081e-28,0.0
Tb,88,65,1.5706478592943454e-88,0.0
Tb,89,65,2.4300046278059767e-34,0.0
Tb,90,65,2.3845694854687077e-200,0.0
Tb,91,65,1.785330749319358e-201,0.0
Tb,92,65,0.0,0.0
Tb,93,65,0.0,0.0
Tb,94,65,0.0,100.0
Tb,95,65,0.0,0.0
Tb,96,65,2.9257155564745393e-259,0.0
Tb,97,65,0.633813837098549,0.0
Tb,98,65,0.31036694126548503,0.0
Tb,99,65,0.835270211411272,0.0
Tb,100,65,0.8810860365342851,0.0
Tb,101,65,0.9752123859135169,0.0
Tb,102,65,0.980786968981793,0.0
Tb,103,65,0.9918335282934089,0.0
Tb,104,65,0.9949129829196596,0.0
Tb,105,65,0.9990404606525793,0.0
Tb,106,65,0.9987607684823279,0.0
Tb,107,65,0.9992402887268512,0.0
Dy,73,66,0.9994001799640054,0.0
Dy,75,66,0.9991004048785274,0.0
Dy,76,66,0.9977026429733321,0.0
Dy,77,66,0.9944156507715979,0.0
Dy,78,66,0.9909412796900431,0.0
Dy,79,66,0.9940179640539353,0.0
Dy,80,66,0.9673450712265954,0.0
Dy,81,66,0.9351952013367766,0.0
Dy,82,66,0.8203698531378311,0.0
Dy,83,66,0.7772447380689461,0.0
Dy,84,66,0.6503790059136865,0.0
Dy,85,66,0.34163922376206945,0.0
Dy,86,66,0.00019009245478986773,0.0
Dy,87,66,9.859505575991516e-11,0.0
Dy,88,66,0.0,0.0
Dy,89,66,3.324640300332357e-16,0.0
Dy,90,66,0.0,0.056
Dy,91,66,1.8768713385341364e-13,0.0
Dy,92,66,0.0,0.095
Dy,93,66,0.0,0.0
Dy,94,66,0.0,2.329
Dy,95,66,0.0,18.889
Dy,96,66,0.0,25.475
Dy,97,66,0.0,24.896
Dy,98,66,0.0,28.26
Dy,99,66,0.0002259492819562141,0.0
Dy,100,66,2.6402983001017903e-128,0.0
Dy,101,66,0.6893542425242224,0.0
Dy,102,66,0.593332695123052,0.0
Dy,103,66,0.9617507091463667,0.0
Dy,104,66,0.9464851479534838,0.0
Dy,105,66,0.995908393524931,0.0
Dy,107,66,0.9985710219628063,0.0
Ho,73,67,0.999994000018,0.0
Ho,74,67,0.999995900008405,0.0
Ho,75,67,0.9996000799893344,0.0
Ho,77,67,0.9993002449428433,0.0
Ho,78,67,0.9976028776973818,0.0
Ho,79,67,0.9966855051059975,0.0
Ho,80,67,0.9942167875284308,0.0
Ho,81,67,0.997802418226309,0.0
Ho,82,67,0.9791210475689343,0.0
Ho,83,67,0.9305308958112057,0.0
Ho,84,67,0.9654123144851359,0.0
Ho,85,67,0.8506113097910991,0.0
Ho,86,67,0.8863884440688815,0.0
Ho,87,67,0.49381219803334614,0.0
Ho,88,67,0.056134762834133725,0.0
Ho,89,67,0.03473525894473856,0.0
Ho,90,67,0.46954083904279925,0.0
Ho,91,67,0.5076312402601327,0.0
Ho,92,67,0.13765565028968216,0.0
Ho,93,67,0.21524034317051757,0.0
Ho,94,67,0.00013262300547161834,0.0
Ho,95,67,0.4065696597405991,0.0
Ho,96,67,0.0,0.0
Ho,97,67,0.17763933359513495,0.0
Ho,98,67,0.0,100.0
Ho,99,67,1.1527771056732249e-42,0.0
Ho,100,67,1.42322505935799e-05,0.0
Ho,101,67,0.8357715239168311,0.0
Ho,102,67,0.7533690989715364,0.0
Ho,103,67,0.8473851204558103,0.0
Ho,104,67,0.9483800124822982,0.0
Ho,105,67,0.9753099120283326,0.0
Ho,106,67,0.9931237503428162,0.0
Ho,107,67,0.9968051145430329,0.0
Ho,108,67,0.9981018038573761,0.0
Er,78,68,0.9983014441815146,0.0
Er,79,68,0.9968051145430329,0.0
Er,80,68,0.9954105637959723,0.0
Er,81,68,0.9960079893439915,0.0
Er,82,68,0.9816700745917915,0.0
Er,83,68,0.9767739746688439,0.0
Er,84,68,0.9897528633468309,0.0
Er,85,68,0.9635797725537386,0.0
Er,86,68,0.7994750133836075,0.0
Er,87,68,0.7276027884145955,0.0
Er,88,68,0.31036694126548503,0.0
Er,89,68,0.3266062376119534,0.0
Er,90,68,0.000262830820718942,0.0
Er,91,68,0.11532512103806251,0.0
Er,92,68,2.0716164261221996e-45,0.0
Er,93,68,9.578399947738107e-06,0.0
Er,94,68,0.0,0.139
Er,95,68,0.011108996538242306,0.0
Er,96,68,0.0,1.601
Er,97,68,6.346773546725883e-17,0.0
Er,98,68,0.0,33.503
Er,99,68,0.0,22.869
Er,100,68,0.0,26.978
Er,101,68,0.0,0.0
Er,102,68,0.0,14.91
Er,103,68,1.774326857748928e-12,0.0
Er,104,68,8.344788844311222e-78,0.0
Er,105,68,0.9194312560951247,0.0
Er,106,68,0.8253068684916823,0.0
Er,107,68,0.9305308958112057,0.0
Tm,77,69,0.9999320023119476,0.0
Tm,78,69,0.999420168167486,0.0
Tm,79,69,0.9993002449428433,0.0
Tm,80,69,0.9991004048785274,0.0
Tm,81,69,0.997802418226309,0.0
Tm,82,69,0.9958386823773029,0.0
Tm,83,69,0.9920319148370607,0.0
Tm,84,69,0.9985210946599011,0.0
Tm,85,69,0.9919327166055711,0.0
Tm,86,69,0.9786316094148849,0.0
Tm,87,69,0.9196151607361948,0.0
Tm,88,69,0.804286282838474,0.0
Tm,89,69,0.78757238109851,0.0
Tm,90,69,0.5782204972063218,0.0
Tm,91,69,0.5689287911791218,0.0
Tm,92,69,0.1633271556192758,0.0
Tm,93,69,0.2719872741483365,0.0
Tm,94,69,0.0014795755838510989,0.0
Tm,95,69,0.8895851931634113,0.0
Tm,96,69,1.0055145200170997e-47,0.0
Tm,97,69,9.148648915921756e-13,0.0
Tm,98,69,0.0,0.0
Tm,99,69,0.0,0.0
Tm,100,69,0.0,100.0
Tm,101,69,0.0,0.0
Tm,102,69,0.0,0.0
Tm,103,69,3.6638309198009034e-100,0.0
Tm,104,69,1.3094486999765153e-13,0.0
Tm,105,69,0.7232502423798424,0.0
Tm,106,69,0.401719980097586,0.0
Tm,107,69,0.8922579558824083,0.0
Tm,108,69,0.9093729344682314,0.0
Yb,79,70,0.9993002449428433,0.0
Yb,81,70,0.9984012793176064,0.0
Yb,82,70,0.9969745858171554,0.0
Yb,83,70,0.9958088076649545,0.0
Yb,84,70,0.9995910836290982,0.0
Yb,85,70,0.9982086064642265,0.0
Yb,86,70,0.9742376609713015,0.0
Yb,87,70,0.9621354863803417,0.0
Yb,88,70,0.9144797085229107,0.0
Yb,89,70,0.9046564686478944,0.0
Yb,90,70,0.7497615922390413,0.0
Yb,91,70,0.7772447380689461,0.0
Yb,92,70,0.3223233644256433,0.0
Yb,93,70,0.5153031039951417,0.0
Yb,94,70,0.01058835994112578,0.0
Yb,95,70,0.5521144043069306,0.0
Yb,96,70,2.24807271147391e-89,0.0
Yb,97,70,0.3499377491111553,0.0
Yb,98,70,0.0,0.123
Yb,99,70,0.0,0.0
Yb,100,70,0.0,2.982
Yb,101,70,0.0,14.086
Yb,102,70,0.0,21.686
Yb,103,70,0.0,16.103
Yb,104,70,0.0,32.025
Yb,105,70,9.2483457071442e-158,0.0
Yb,106,70,0.0,12.995
Yb,107,70,0.0010285553850552904,0.0
Yb,108,70,0.011795938519751562,0.0
Yb,109,70,0.6187833918061408,0.0
Yb,110,70,0.865887748059205,0.0
Lu,79,71,0.9999550010124848,0.0
Lu,80,71,0.9999194032480927,0.0
Lu,81,71,0.9993002449428433,0.0
Lu,82,71,0.9991004048785274,0.0
Lu,84,71,0.9999320023119476,0.0
Lu,85,71,0.9995061219979102,0.0
Lu,86,71,0.9932230676836347,0.0
Lu,87,71,0.9894559820222522,0.0
Lu,88,71,0.9879729106308383,0.0
Lu,89,71,0.9645438342768154,0.0
Lu,90,71,0.9258898536064953,0.0
Lu,91,71,0.9210877227288202,0.0
Lu,92,71,0.7880450663185546,0.0
Lu,93,71,0.8282833276301265,0.0
Lu,94,71,0.5249774340900051,0.0
Lu,95,71,0.8529963589691315,0.0
Lu,96,71,0.04550195440462157,0.0
Lu,97,71,0.7189237334319262,0.0
Lu,98,71,5.604641096181397e-54,0.0
Lu,99,71,3.188871420580115e-76,0.0
Lu,100,71,3.52746269127337e-310,0.0
Lu,101,71,3.941035218063048e-252,0.0
Lu,102,71,0.0,0.0
Lu,103,71,0.0,0.0
Lu,104,71,0.0,97.401
Lu,105,71,0.0,2.599
Lu,106,71,4.848906659530512e-250,0.0
Lu,107,71,0.18195424947803895,0.0
Lu,108,71,6.663739036791064e-08,0.0
Lu,109,71,0.7103482047091773,0.0
Lu,110,71,0.8105842459701871,0.0
Lu,111,71,0.8869204367171575,0.0
Lu,112,71,0.9436499474367985,0.0
Lu,113,71,0.981179362242806,0.0
Hf,82,72,0.9980019986673331,0.0
Hf,83,72,0.9991573552246749,0.0
Hf,84,72,0.999977000264498,0.0
Hf,85,72,0.9998850066122466,0.0
Hf,86,72,0.9971540573945599,0.0
Hf,87,72,0.9944156507715979,0.0
Hf,88,72,0.98649206217889,0.0
Hf,89,72,0.9817682465077646,0.0
Hf,90,72,0.9613660857925073,0.0
Hf,91,72,0.9607894391523232,0.0
Hf,92,72,0.894938748929031,0.0
Hf,93,72,0.9268162065593822,0.0
Hf,94,72,0.6661769187167164,0.0
Hf,95,72,0.8842636625608209,0.0
Hf,96,72,0.2107674259730094,0.0
Hf,97,72,0.8233285069907169,0.0
Hf,98,72,9.31114824104116e-26,0.0
Hf,99,72,1.2081820198999709e-19,0.0
Hf,100,72,0.0,0.0
Hf,101,72,1.265729253150144e-37,0.0
Hf,102,72,0.0,0.16
Hf,103,72,0.0,0.0
Hf,104,72,0.0,5.26
Hf,105,72,0.0,18.6
Hf,106,72,0.0,27.28
Hf,107,72,0.0,13.62
Hf,108,72,0.0,35.08
Hf,109,72,0.0,0.0
Hf,110,72,0.0,0.0
Hf,111,72,0.025609292630086964,0.0
Hf,112,72,3.6186305420372985e-07,0.0
Hf,113,72,0.8105842459701871,0.0
Hf,114,72,0.8555591903710185,0.0
Ta,82,73,0.9999971000042049,0.0
Ta,83,73,0.9998940056178015,0.0
Ta,84,73,0.9999899000510049,0.0
Ta,85,73,0.9999450015124722,0.0
Ta,86,73,0.999170344354722,0.0
Ta,87,73,0.9984512006295946,0.0
Ta,89,73,0.9964363648735477,0.0
Ta,90,73,0.9894559820222522,0.0
Ta,91,73,0.9859003444746455,0.0
Ta,92,73,0.9694755730760259,0.0
Ta,93,73,0.9661849533510629,0.0
Ta,94,73,0.9231163463866358,0.0
Ta,95,73,0.8869204367171575,0.0
Ta,96,73,0.7452764914432887,0.0
Ta,97,73,0.6665767448037777,0.0
Ta,98,73,0.24709065139237796,0.0
Ta,99,73,0.10992026936018012,0.0
Ta,100,73,1.2323531416289182e-05,0.0
Ta,101,73,0.016506517104958845,0.0
Ta,102,73,3.834145450438482e-17,0.0
Ta,103,73,2.2470229548387404e-13,0.0
Ta,104,73,7.645163888302236e-89,0.0
Ta,105,73,0.0002042838724061401,0.0
Ta,106,73,0.0,0.0
Ta,107,73,1.7846212519262031e-13,0.0
Ta,108,73,0.0,99.98799
Ta,109,73,0.0,0.0
Ta,110,73,4.2902193186292734e-192,0.0
Ta,111,73,2.4997514374636964e-14,0.0
Ta,112,73,0.05161205550318949,0.0
Ta,113,73,0.5325918010068972,0.0
Ta,115,73,0.9805908312024284,0.0
Ta,117,73,0.9947140202200089,0.0
Ta,119,73,0.997802418226309,0.0
W,83,74,0.9997250378090341,0.0
W,84,74,0.9999987500007812,0.0
W,85,74,0.999992700026645,0.0
W,86,74,0.9999090041403744,0.0
W,87,74,0.9995910836290982,0.0
W,88,74,0.9988107077692236,0.0
W,89,74,0.9973335612797559,0.0
W,90,74,0.9937198033910547,0.0
W,91,74,0.9949129829196596,0.0
W,92,74,0.9809831459926365,0.0
W,93,74,0.9802966980752427,0.0
W,94,74,0.9503737031510319,0.0
W,95,74,0.9286716938412872,0.0
W,96,74,0.8648493059514117,0.0
W,97,74,0.8669274370455051,0.0
W,98,74,0.6730066959373864,0.0
W,99,74,0.633813837098549,0.0
W,100,74,0.13642230780331424,0.0
W,101,74,0.12099573281487792,0.0
W,102,74,0.00012340980408667956,0.0
W,103,74,0.00035478449824989324,0.0
W,104,74,0.0,0.0
W,105,74,0.10828376975109819,0.0
W,106,74,0.0,0.12
W,107,74,0.0,0.0
W,108,74,0.0,26.5
W,109,74,0.0,14.31
W,110,74,0.0,30.64
W,111,74,0.0,0.0
W,112,74,0.0,28.43
W,113,74,2.998863950472602e-38,0.0
W,114,74,0.0,0.0
W,115,74,0.4985756229912165,0.0
W,116,74,0.16529888822158653,0.0
Re,87,75,0.9998930057242958,0.0
Re,88,75,0.9996100760401144,0.0
Re,89,75,0.9993002449428433,0.0
Re,90,75,0.9984012793176064,0.0
Re,91,75,0.9977525293526299,0.0
Re,92,75,0.9941173708205961,0.0
Re,93,75,0.99560966581827,0.0
Re,94,75,0.9919327166055711,0.0
Re,95,75,0.9908421905166154,0.0
Re,96,75,0.9849149369160675,0.0
Re,97,75,0.9851119396030626,0.0
Re,98,75,0.8879853800794423,0.0
Re,99,75,0.865887748059205,0.0
Re,100,75,0.7022962186985727,0.0
Re,101,75,0.7276027884145955,0.0
Re,102,75,0.43171052342907973,0.0
Re,103,75,0.4529380127765577,0.0
Re,104,75,0.31036694126548503,0.0
Re,105,75,0.8627761563917117,0.0
Re,106,75,7.711579078968739e-32,0.0
Re,107,75,4.225317442890366e-101,0.0
Re,108,75,0.0,0.0
Re,109,75,0.0,0.0
Re,110,75,0.0,37.4
Re,111,75,3.0065493300612547e-140,0.0
Re,112,75,0.0,62.6
Re,113,75,2.5903616802320045e-27,0.0
Re,114,75,1.0184007795984039e-38,0.0
Re,115,75,0.835270211411272,0.0
Re,116,75,0.5554370486980182,0.0
Re,117,75,0.9841273200552851,0.0
Re,119,75,0.9950124791926823,0.0
Re,120,75,0.9940179640539353,0.0
Re,121,75,0.997004495503373,0.0
Os,86,76,0.999997900002205,0.0
Os,87,76,0.999994500015125,0.0
Os,88,76,0.9999790002204985,0.0
Os,89,76,0.9999290025204404,0.0
Os,90,76,0.9997870226828894,0.0
Os,91,76,0.9991903279614445,0.0
Os,92,76,0.99790220345731,0.0
Os,93,76,0.996575875730162,0.0
Os,94,76,0.9926570918534904,0.0
Os,95,76,0.9917343498995819,0.0
Os,96,76,0.9809831459926365,0.0
Os,97,76,0.9778490172059748,0.0
Os,98,76,0.9569539574730467,0.0
Os,99,76,0.9194312560951247,0.0
Os,100,76,0.8057353018734796,0.0
Os,101,76,0.835270211411272,0.0
Os,102,76,0.7408182206817179,0.0
Os,103,76,0.6770568744981647,0.0
Os,104,76,0.27527078308975234,0.0
Os,105,76,0.0018363047770289071,0.0
Os,106,76,7.145467608463608e-35,0.0
Os,107,76,4.731711388784468e-21,0.0
Os,108,76,0.0,0.02
Os,109,76,0.0,0.0
Os,110,76,0.0,1.59
Os,111,76,0.0,1.96
Os,112,76,0.0,13.24
Os,113,76,0.0,16.15
Os,114,76,0.0,26.26
Os,115,76,0.0,0.0
Os,116,76,0.0,40.78
Os,117,76,2.3013579706357417e-47,0.0
Os,118,76,0.0,0.0
Os,119,76,0.6770568744981647,0.0
Os,120,76,0.12319337545326038,0.0
Os,121,76,0.8453538346846587,0.0
Os,123,76,0.9950124791926823,0.0
Os,124,76,0.9940179640539353,0.0
Ir,89,77,0.9999895000551248,0.0
Ir,90,77,0.9999648006195128,0.0
Ir,91,77,0.9997780246401766,0.0
Ir,92,77,0.9996470622971695,0.0
Ir,93,77,0.9991303783402734,0.0
Ir,94,77,0.9968051145430329,0.0
Ir,95,77,0.99560966581827,0.0
Ir,96,77,0.9910403787728836,0.0
Ir,97,77,0.9921311229888693,0.0
Ir,98,77,0.9910403787728836,0.0
Ir,99,77,0.9913377354877926,0.0
Ir,100,77,0.9706396420654225,0.0
Ir,101,77,0.9880717128619305,0.0
Ir,102,77,0.9240399244450868,0.0
Ir,103,77,0.9139311852712282,0.0
Ir,104,77,0.7452764914432887,0.0
Ir,105,77,0.4065696597405991,0.0
Ir,106,77,0.030807411032751076,0.0
Ir,107,77,1.4753945786558518e-05,0.0
Ir,108,77,3.06319086457743e-23,0.0
Ir,109,77,9.63880859099899e-27,0.0
Ir,110,77,3.834145450438482e-17,0.0
Ir,111,77,1.3073877267309032e-65,0.0
Ir,112,77,0.0,0.0
Ir,113,77,0.0,0.0
Ir,114,77,0.0,37.3
Ir,115,77,0.0,0.0
Ir,116,77,0.0,62.7
Ir,117,77,1.0299938072258359e-30,0.0
Ir,118,77,0.000262830820718942,0.0
Ir,119,77,0.9493288668428895,0.0
Ir,120,77,0.7060988762143844,0.0
Ir,121,77,0.9920319148370607,0.0
Ir,122,77,0.9940179640539353,0.0
Ir,125,77,0.9890602787753687,0.0
Pt,90,78,0.9999979800020402,0.0
Pt,91,78,0.9999930000245,0.0
Pt,92,78,0.9999862000952195,0.0
Pt,93,78,0.9999545010351093,0.0
Pt,94,78,0.9999024047627251,0.0
Pt,95,78,0.9996180729527104,0.0
Pt,96,78,0.9991113950434268,0.0
Pt,97,78,0.9974731977526601,0.0
Pt,98,78,0.9936899922441225,0.0
Pt,99,78,0.9900498337491681,0.0
Pt,100,78,0.9795127743280907,0.0
Pt,101,78,0.9790231403596195,0.0
Pt,102,78,0.9455391358903963,0.0
Pt,103,78,0.9493288668428895,0.0
Pt,104,78,0.8519733772501578,0.0
Pt,105,78,0.6770568744981647,0.0
Pt,106,78,0.35416229870357024,0.0
Pt,107,78,0.014207290935234726,0.0
Pt,108,78,0.0005597613644315706,0.0
Pt,109,78,0.00021177207067363092,0.0
Pt,110,78,0.0,0.0
Pt,111,78,1.0120182263180347e-17,0.0
Pt,112,78,0.0,0.012
Pt,113,78,6.453385974566197e-107,0.0
Pt,114,78,0.0,0.782
Pt,115,78,0.0,0.0
Pt,116,78,0.0,32.864
Pt,117,78,0.0,33.775
Pt,118,78,0.0,25.211
Pt,119,78,7.951200915483803e-32,0.0
Pt,120,78,0.0,7.356
Pt,121,78,0.15755195533034191,0.0
Pt,122,78,1.997111446587765e-20,0.0
Pt,123,78,0.8607079764250578,0.0
Pt,124,78,1.6134446322119012e-69,0.0
Pt,125,78,0.97824023505121,0.0
Pt,126,78,0.9897528633468309,0.0
Au,93,79,0.9999780002419982,0.0
Au,94,79,0.999973700345842,0.0
Au,95,79,0.999880007199712,0.0
Au,98,79,0.9985001259370857,0.0
Au,99,79,0.9974033770725698,0.0
Au,100,79,0.9929251454538985,0.0
Au,101,79,0.9916351814230984,0.0
Au,102,79,0.986393417904968,0.0
Au,103,79,0.9846195067517329,0.0
Au,104,79,0.9581029915045491,0.0
Au,105,79,0.9796107305032505,0.0
Au,106,79,0.774916497961081,0.0
Au,107,79,0.5262388930771054,0.0
Au,108,79,0.6077449349024902,0.0
Au,109,79,0.5883695747726037,0.0
Au,110,79,0.17870837350933053,0.0
Au,111,79,0.0766887696879486,0.0
Au,112,79,1.0670794866187504e-05,0.0
Au,113,79,1.8901964093294907e-08,0.0
Au,114,79,2.5405551085689317e-28,0.0
Au,115,79,3.607826738772255e-60,0.0
Au,116,79,0.0,0.0
Au,117,79,3.9732387756792456e-232,0.0
Au,118,79,0.0,100.0
Au,119,79,8.11277098930383e-102,0.0
Au,120,79,1.6412218145019395e-118,0.0
Au,121,79,0.054803566775614154,0.0
Au,122,79,0.21013607120076472,0.0
Au,123,79,0.9719994892352246,0.0
Au,124,79,0.9417645335842487,0.0
Au,125,79,0.9609816162572236,0.0
Au,126,79,0.9685065820791976,0.0
Au,127,79,0.9607894391523232,0.0
Hg,94,80,0.999997900002205,0.0
Hg,95,80,0.9999894000561798,0.0
Hg,96,80,0.9999797002060437,0.0
Hg,97,80,0.999883006844233,0.0
Hg,98,80,0.9997335355079706,0.0
Hg,99,80,0.9989505510571132,0.0
Hg,100,80,0.9974133511562108,0.0
Hg,101,80,0.9964064722309933,0.0
Hg,102,80,0.9892284333154915,0.0
Hg,103,80,0.9906440418940348,0.0
Hg,104,80,0.9696016130929495,0.0
Hg,105,80,0.9520859163462819,0.0
Hg,106,80,0.9205352358578188,0.0
Hg,107,80,0.8922579558824083,0.0
Hg,108,80,0.8228346580560184,0.0
Hg,109,80,0.633813837098549,0.0
Hg,110,80,0.30119421191220214,0.0
Hg,111,80,0.05286572873835037,0.0
Hg,112,80,2.6134749752863247e-08,0.0
Hg,113,80,1.145121285920239e-06,0.0
Hg,114,80,0.0,0.0
Hg,115,80,3.441634765041792e-17,0.0
Hg,116,80,0.0,0.15
Hg,117,80,5.2440515304043107e-101,0.0
Hg,118,80,0.0,10.04
Hg,119,80,0.0,16.94
Hg,120,80,0.0,23.14
Hg,121,80,0.0,13.17
Hg,122,80,0.0,29.74
Hg,123,80,0.0,0.0
Hg,124,80,0.0,6.82
Hg,125,80,0.7346214106672522,0.0
Hg,126,80,0.6070160783819822,0.0
Hg,127,80,0.8402968976584314,0.0
Hg,128,80,0.08543495096732123,0.0
Hg,129,80,0.9646402934831231,0.0
Tl,95,81,0.9999948000135199,0.0
Tl,96,81,0.999982000161999,0.0
Tl,97,81,0.999746032255269,0.0
Tl,98,81,0.9997700264479723,0.0
Tl,99,81,0.9989105938342207,0.0
Tl,100,81,0.9968051145430329,0.0
Tl,101,81,0.996904800038679,0.0
Tl,102,81,0.9931237503428162,0.0
Tl,103,81,0.9899508337158773,0.0
Tl,104,81,0.9806888951886662,0.0
Tl,105,81,0.972874682553454,0.0
Tl,106,81,0.950278670532427,0.0
Tl,107,81,0.9314618921275921,0.0
Tl,108,81,0.8710986917457983,0.0
Tl,109,81,0.8555591903710185,0.0
Tl,111,81,0.5621424451968224,0.0
Tl,112,81,0.27362410337040804,0.0
Tl,113,81,0.13806923731089282,0.0
Tl,114,81,0.015359824148400343,0.0
Tl,115,81,0.0013281078750694186,0.0
Tl,116,81,3.628885095846031e-05,0.0
Tl,117,81,5.172032976967452e-09,0.0
Tl,118,81,2.5068352873693838e-12,0.0
Tl,119,81,1.562033991580385e-41,0.0
Tl,120,81,7.098231683146508e-115,0.0
Tl,121,81,0.0,0.0
Tl,122,81,0.0,29.515
Tl,123,81,0.0,0.0
Tl,124,81,0.0,70.485
Tl,125,81,0.7771514742963161,0.0
Tl,126,81,0.7511123784479473,0.0
Tl,127,81,0.832618270959093,0.0
Tl,128,81,0.8783413320657728,0.0
Tl,129,81,0.9249644265435393,0.0
Tl,130,81,0.9157608767233256,0.0
Tl,131,81,0.969572525480873,0.0
Tl,132,81,0.9764809864268769,0.0
Tl,133,81,0.9890602787753687,0.0
Pb,97,82,0.9999965000061249,0.0
Pb,98,82,0.999995900008405,0.0
Pb,99,82,0.9999550010124848,0.0
Pb,100,82,0.9999450015124722,0.0
Pb,101,82,0.9994651430869816,0.0
Pb,102,82,0.9995101200303942,0.0
Pb,103,82,0.9937198033910547,0.0
Pb,104,82,0.9951915975591064,0.0
Pb,105,82,0.9849149369160675,0.0
Pb,106,82,0.9748223789657411,0.0
Pb,107,82,0.9617507091463667,0.0
Pb,108,82,0.9314618921275921,0.0
Pb,109,82,0.9233009881194709,0.0
Pb,110,82,0.8105842459701871,0.0
Pb,112,82,0.5262388930771054,0.0
Pb,113,82,0.4065696597405991,0.0
Pb,114,82,0.10860910882495796,0.0
Pb,115,82,0.6150818073135287,0.0
Pb,116,82,0.0001768869022425666,0.0
Pb,117,82,0.004516580942612666,0.0
Pb,118,82,2.4300046278059767e-34,0.0
Pb,119,82,2.587717970656316e-15,0.0
Pb,120,82,0.0,0.0
Pb,121,82,6.685744850486089e-82,0.0
Pb,122,82,0.0,1.4
Pb,123,82,0.0,0.0
Pb,124,82,0.0,24.1
Pb,125,82,0.0,22.1
Pb,126,82,0.0,52.4
Pb,127,82,8.785569605582365e-06,0.0
Pb,128,82,0.0,0.0
Pb,129,82,0.11463524201852858,0.0
Pb,130,82,2.4713055676598162e-17,0.0
Pb,131,82,0.5422652533139832,0.0
Pb,132,82,0.19718754461300744,0.0
Pb,133,82,0.8632939774163194,0.0
Pb,135,82,0.9802966980752427,0.0
Pb,136,82,0.9851119396030626,0.0
Bi,101,83,0.9999870000844996,0.0
Bi,103,83,0.9999850001124995,0.0
Bi,104,83,0.9999630006844915,0.0
Bi,105,83,0.999940001799964,0.0
Bi,106,83,0.9993122366177326,0.0
Bi,107,83,0.9937198033910547,0.0
Bi,108,83,0.9876765632119844,0.0
Bi,109,83,0.9659917356828036,0.0
Bi,110,83,0.9383802765809481,0.0
Bi,111,83,0.9093729344682314,0.0
Bi,112,83,0.832768155737091,0.0
Bi,113,83,0.7349153180090687,0.0
Bi,114,83,0.5713233170865276,0.0
Bi,115,83,0.539021403076357,0.0
Bi,116,83,0.19789869908361465,0.0
Bi,117,83,0.11259026764556165,0.0
Bi,118,83,0.0020704278546402606,0.0
Bi,119,83,0.0021207192053990702,0.0
Bi,120,83,4.1087414574680404e-19,0.0
Bi,121,83,2.87063044786265e-18,0.0
Bi,122,83,0.0,0.0
Bi,123,83,5.541675287993809e-235,0.0
Bi,124,83,0.0,0.0
Bi,125,83,0.0,0.0
Bi,126,83,0.0,100.0
Bi,127,83,8.600175206275429e-189,0.0
Bi,128,83,0.8795015081718721,0.0
Bi,129,83,0.026436755059263944,0.0
Bi,130,83,0.06486805469185612,0.0
Bi,131,83,0.30648085158336774,0.0
Bi,132,83,0.633813837098549,0.0
Bi,133,83,0.8737159116880344,0.0
Bi,134,83,0.9061956926142708,0.0
Bi,135,83,0.967538559589032,0.0
Bi,136,83,0.97824023505121,0.0
Po,103,84,0.99999860000098,0.0
Po,105,84,0.9999965000061249,0.0
Po,106,84,0.9999975500030013,0.0
Po,107,84,0.9999780002419982,0.0
Po,108,84,0.9999678005184144,0.0
Po,109,84,0.9996010795899142,0.0
Po,110,84,0.9996080768219616,0.0
Po,111,84,0.9953707481697383,0.0
Po,112,84,0.9942167875284308,0.0
Po,113,84,0.9194312560951247,0.0
Po,114,84,0.8997844898987211,0.0
Po,115,84,0.7202189615076603,0.0
Po,116,84,0.5012752136902543,0.0
Po,117,84,0.39219347589350495,0.0
Po,118,84,0.06883795600820049,0.0
Po,119,84,0.11058177350426224,0.0
Po,120,84,3.1490806653302727e-06,0.0
Po,121,84,0.001903616083046228,0.0
Po,122,84,0.0,0.0
Po,123,84,8.549313009381047e-10,0.0
Po,124,84,0.0,0.0
Po,125,84,0.0,0.0
Po,126,84,0.0,0.0
Po,127,84,0.999484133105105,0.0
Po,131,84,0.999998219001586,0.0
Po,132,84,0.9998550105119919,0.0
Po,133,84,0.9984711698532988,0.0
Po,134,84,0.8304230576802688,0.0
Po,135,84,0.5379444375946745,0.0
Po,137,84,0.8940442575003572,0.0
Po,138,84,0.5769498103804866,0.0
At,106,85,0.999998300001445,0.0
At,107,85,0.9999120038718864,0.0
At,108,85,0.9999720003919963,0.0
At,109,85,0.9997140408941013,0.0
At,110,85,0.9997100420459355,0.0
At,111,85,0.9996120752622658,0.0
At,112,85,0.9996120752622658,0.0
At,113,85,0.9958088076649545,0.0
At,114,85,0.9929946526468036,0.0
At,115,85,0.9579113900670306,0.0
At,116,85,0.9183286003135981,0.0
At,117,85,0.8319358038266718,0.0
At,118,85,0.6414654208273198,0.0
At,119,85,0.5785675336051542,0.0
At,120,85,0.1990896605897524,0.0
At,121,85,0.15945396804650516,0.0
At,122,85,0.0014795755838510989,0.0
At,123,85,0.002828524730195748,0.0
At,124,85,3.3577323051720713e-09,0.0
At,125,85,2.1675688826189617e-13,0.0
At,126,85,5.262578500877241e-12,0.0
At,127,85,0.9996860492928406,0.0
At,132,85,0.9999674005313742,0.0
At,133,85,0.9987208188505865,0.0
At,134,85,0.9455391358903963,0.0
At,135,85,0.8004349592519954,0.0
At,136,85,0.8710986917457983,0.0
At,137,85,0.9474321065017983,0.0
At,138,85,0.951229424500714,0.0
At,139,85,0.9249644265435393,0.0
Rn,107,86,0.9999988500006612,0.0
Rn,109,86,0.999994000018,0.0
Rn,110,86,0.99999560000968,0.0
Rn,111,86,0.9999350021124542,0.0
Rn,112,86,0.9999350021124542,0.0
Rn,113,86,0.9994101740157753,0.0
Rn,114,86,0.9989705302679257,0.0
Rn,115,86,0.9930244429332351,0.0
Rn,116,86,0.9903468932559909,0.0
Rn,117,86,0.9567625858193554,0.0
Rn,118,86,0.9282074740589834,0.0
Rn,119,86,0.8436648165963837,0.0
Rn,120,86,0.7116279829325146,0.0
Rn,121,86,0.574072261196436,0.0
Rn,122,86,0.23200415453447004,0.0
Rn,123,86,0.17763933359513495,0.0
Rn,124,86,0.0001768869022425666,0.0
Rn,125,86,1.4910150637690417e-23,0.0
Rn,126,86,0.23835359847607956,0.0
Rn,127,86,0.9999806001881788,0.0
Rn,132,86,0.9999662505695248,0.0
Rn,133,86,0.9960478304603823,0.0
Rn,134,86,0.94591742719797,0.0
Rn,135,86,0.22313016014842982,0.0
Rn,136,86,3.393471338555108e-144,0.0
Rn,137,86,0.23270121206157107,0.0
Rn,138,86,0.0016286562347882806,0.0
Rn,139,86,0.7560861154230696,0.0
Rn,140,86,0.6414654208273198,0.0
Rn,141,86,0.9800026531747605,0.0
Rn,142,86,0.9370674633774034,0.0
Rn,143,86,0.9880717128619305,0.0
Fr,111,87,0.9999850001124995,0.0
Fr,112,87,0.9999880000719997,0.0
Fr,113,87,0.9999510012004804,0.0
Fr,114,87,0.9999380019219603,0.0
Fr,115,87,0.9997000449955004,0.0
Fr,116,87,0.9994501512222747,0.0
Fr,117,87,0.9982016190284373,0.0
Fr,118,87,0.9961075951231319,0.0
Fr,119,87,0.9841273200552851,0.0
Fr,120,87,0.9853089816945356,0.0
Fr,121,87,0.9426125031935608,0.0
Fr,122,87,0.9507539286723269,0.0
Fr,123,87,0.8262978311925774,0.0
Fr,124,87,0.8302735949819326,0.0
Fr,125,87,0.30119421191220214,0.0
Fr,126,87,0.9664072014478851,0.0
Fr,127,87,0.999994500015125,0.0
Fr,131,87,0.999998900000605,0.0
Fr,132,87,0.9999760002879977,0.0
Fr,133,87,0.9729719748862449,0.0
Fr,134,87,0.7452764914432887,0.0
Fr,135,87,0.4265609563450914,0.0
Fr,136,87,0.26713530196585034,0.0
Fr,137,87,0.8188945156043043,0.0
Fr,138,87,0.7889912880176096,0.0
Fr,139,87,0.9521811296985049,0.0
Fr,140,87,0.8622586459665295,0.0
Fr,141,87,0.9627129408911995,0.0
Fr,142,87,0.9510391976391341,0.0
Fr,143,87,0.981081249212315,0.0
Fr,144,87,0.9825539753546041,0.0
Fr,145,87,0.9945150973089191,0.0
Fr,146,87,0.9991004048785274,0.0
Ra,113,88,0.99999840000128,0.0
Ra,114,88,0.9999840001279993,0.0
Ra,115,88,0.9999690004804951,0.0
Ra,116,88,0.9999430016244691,0.0
Ra,117,88,0.9997900220484566,0.0
Ra,118,88,0.9997600287976961,0.0
Ra,119,88,0.9986509108400758,0.0
Ra,120,88,0.9987008446339523,0.0
Ra,121,88,0.9952115015900972,0.0
Ra,122,88,0.9963068365656366,0.0
Ra,123,88,0.9870841350202876,0.0
Ra,124,88,0.9870841350202876,0.0
Ra,125,88,0.8489117872605549,0.0
Ra,126,88,0.9975649695082894,0.0
Ra,127,88,0.9999983400013778,0.0
Ra,131,88,0.9999910000404999,0.0
Ra,132,88,0.999982000161999,0.0
Ra,133,88,0.9723883668012469,0.0
Ra,134,88,0.9627129408911995,0.0
Ra,135,88,0.0,0.0
Ra,136,88,5.248790873057217e-137,0.0
Ra,137,88,0.0,0.0
Ra,138,88,0.0,0.0
Ra,139,88,0.07949986145720786,0.0
Ra,140,88,0.0,0.0
Ra,141,88,0.7866278610665535,0.0
Ra,142,88,0.0037725655187922052,0.0
Ra,143,88,0.9012252974212047,0.0
Ra,144,88,0.7772447380689461,0.0
Ra,145,88,0.9704455335485082,0.0
Ra,146,88,0.9704455335485082,0.0
Ac,116,89,0.9999800001999987,0.0
Ac,117,89,0.9999780002419982,0.0
Ac,118,89,0.9999730003644968,0.0
Ac,119,89,0.9999050045123571,0.0
Ac,120,89,0.9999130037843903,0.0
Ac,121,89,0.9996500612428548,0.0
Ac,122,89,0.9997900220484566,0.0
Ac,123,89,0.9991203870864463,0.0
Ac,124,89,0.9992622722550212,0.0
Ac,125,89,0.9918335282934089,0.0
Ac,126,89,0.9998300144491812,0.0
Ac,131,89,0.9999736003484769,0.0
Ac,132,89,0.9999480013519766,0.0
Ac,133,89,0.9950124791926823,0.0
Ac,134,89,0.8816148467834161,0.0
Ac,135,89,4.5038179255745865e-05,0.0
Ac,136,89,0.0,0.0
Ac,137,89,1.205523940367111e-46,0.0
Ac,138,89,0.0,0.0
Ac,139,89,2.425047058917799e-10,0.0
Ac,140,89,0.023237219430598487,0.0
Ac,141,89,0.8851483685026271,0.0
Ac,142,89,0.6376281516217733,0.0
Ac,143,89,0.8878078007619501,0.0
Ac,144,89,0.8667540688954889,0.0
Ac,145,89,0.9569539574730467,0.0
Ac,146,89,0.9398828867910889,0.0
Ac,147,89,0.9305308958112057,0.0
Th,118,90,0.999998300001445,0.0
Th,119,90,0.999997500003125,0.0
Th,120,90,0.9999840001279993,0.0
Th,121,90,0.9999630006844915,0.0
Th,122,90,0.9999683005024397,0.0
Th,123,90,0.9998540106574814,0.0
Th,124,90,0.9999130037843903,0.0
Th,125,90,0.9988007197120864,0.0
Th,126,90,0.9999740003379971,0.0
Th,131,90,0.9999982600015138,0.0
Th,132,90,0.9999977600025088,0.0
Th,133,90,0.9994001799640054,0.0
Th,134,90,0.9989605406125714,0.0
Th,135,90,0.5915553643668151,0.0
Th,136,90,0.15974124365947615,0.0
Th,137,90,0.0,0.0
Th,138,90,0.0,0.0
Th,139,90,0.0,0.0
Th,140,90,0.0,0.02
Th,141,90,1.2603679722071421e-40,0.0
Th,142,90,0.0,99.98
Th,143,90,0.2698740257927247,0.0
Th,144,90,0.0,0.0
Th,145,90,0.6492093766851474,0.0
Th,146,90,0.10667163444703576,0.0
Th,147,90,0.7497615922390413,0.0
Th,148,90,0.5689287911791218,0.0
Pa,121,91,0.999994900013005,0.0
Pa,122,91,0.999994700014045,0.0
Pa,123,91,0.9999830001444991,0.0
Pa,124,91,0.9999860000979995,0.0
Pa,125,91,0.9998500112494375,0.0
Pa,126,91,0.99999620000722,0.0
Pa,131,91,0.9999971000042049,0.0
Pa,132,91,0.999994900013005,0.0
Pa,133,91,0.9991543577571054,0.0
Pa,134,91,0.9983014441815146,0.0
Pa,135,91,0.8976275964304349,0.0
Pa,136,91,0.1004595620616821,0.0
Pa,137,91,4.0167706334963924e-35,0.0
Pa,138,91,5.193201158897235e-57,0.0
Pa,139,91,0.0,0.0
Pa,140,91,0.0,100.0
Pa,141,91,2.9483764110347653e-50,0.0
Pa,142,91,0.0,0.0
Pa,143,91,3.3482439786780416e-11,0.0
Pa,144,91,0.23130918504632592,0.0
Pa,145,91,0.579262231380782,0.0
Pa,146,91,0.593332695123052,0.0
Pa,147,91,0.8721446376179031,0.0
Pa,148,91,0.001533810679324463,0.0
U,124,92,0.9999955000101249,0.0
U,125,92,0.9999840001279993,0.0
U,133,92,0.9999310023804453,0.0
U,134,92,0.9997320359087921,0.0
U,135,92,0.9361308642916188,0.0
U,136,92,0.579262231380782,0.0
U,137,92,0.030807411032751076,0.0
U,138,92,0.0,0.0
U,139,92,2.530570301776914e-158,0.0
U,140,92,0.0,0.0
U,141,92,0.0,0.0
U,142,92,0.0,0.0054
U,143,92,0.0,0.7204
U,144,92,0.0,0.0
U,145,92,4.4097306940599966e-254,0.0
U,146,92,0.0,99.2742
U,147,92,0.24487681274714082,0.0
U,148,92,9.020115499931929e-23,0.0
U,150,92,0.36494814645449375,0.0
Np,132,93,0.99999640000648,0.0
Np,133,93,0.9999650006124928,0.0
Np,134,93,0.9994901300278943,0.0
Np,135,93,0.9404469857359241,0.0
Np,136,93,0.7866278610665535,0.0
Np,137,93,0.7588129307612413,0.0
Np,138,93,0.05350393908679544,0.0
Np,139,93,0.4139541748712741,0.0
Np,140,93,0.11394948988008788,0.0
Np,141,93,7.917895390669126e-166,0.0
Np,142,93,0.0,0.0
Np,143,93,0.0,0.0
Np,144,93,0.0,0.0
Np,145,93,1.734332037595264e-79,0.0
Np,146,93,3.941941137468709e-89,0.0
Np,147,93,0.024379808737919537,0.0
Np,148,93,0.4343085729239951,0.0
Np,149,93,0.8763409950793732,0.0
Np,150,93,0.894938748929031,0.0
Np,151,93,0.8716215077899746,0.0
Pu,134,94,0.9989006047782276,0.0
Pu,135,94,0.9139311852712282,0.0
Pu,136,94,0.9030295516688768,0.0
Pu,137,94,0.596903392674358,0.0
Pu,138,94,0.131598455037034,0.0
Pu,139,94,0.28536106665812666,0.0
Pu,140,94,1.7440173989804515e-14,0.0
Pu,141,94,0.2191497484416548,0.0
Pu,142,94,0.0,0.0
Pu,143,94,0.0,0.0
Pu,144,94,0.0,0.0
Pu,145,94,0.0,0.0
Pu,146,94,0.0,0.0
Pu,147,94,0.0,0.0
Pu,148,94,0.0,0.0
Pu,149,94,1.7843973585196487e-08,0.0
Pu,150,94,0.0,0.0
Pu,151,94,3.834145450438482e-17,0.0
Pu,152,94,0.0,0.0
Pu,153,94,6.648012896698844e-86,0.0
Am,128,95,0.9999950000125,0.0
Am,134,95,0.9991004048785274,0.0
Am,135,95,0.9694755730760259,0.0
Am,137,95,0.9240399244450868,0.0
Am,138,95,0.8253068684916823,0.0
Am,139,95,0.8700540002559602,0.0
Am,140,95,0.539021403076357,0.0
Am,141,95,0.8057353018734796,0.0
Am,142,95,0.012082465616214554,0.0
Am,143,95,0.0027947852750368437,0.0
Am,144,95,2.4821292661853115e-19,0.0
Am,145,95,3.768991426434264e-80,0.0
Am,146,95,0.0,0.0
Am,147,95,8.981908771902797e-26,0.0
Am,148,95,0.0,0.0
Am,149,95,1.6182761664422142e-16,0.0
Am,150,95,0.0006236008859994445,0.0
Am,151,95,0.09632763823049303,0.0
Am,152,95,0.25157855305975646,0.0
Cm,137,96,0.9772624837732771,0.0
Cm,138,96,0.950278670532427,0.0
Cm,142,96,0.0003634023264950478,0.0
Cm,143,96,6.007000054676936e-05,0.0
Cm,144,96,0.0,0.0
Cm,145,96,0.0,0.0
Cm,146,96,0.0,0.0
Cm,147,96,0.0,0.0
Cm,148,96,0.0,0.0
Cm,149,96,0.0,0.0
Cm,150,96,0.0,0.0
Cm,151,96,0.0,0.0
Cm,152,96,0.0,0.0
Cm,153,96,0.02130102681823127,0.0
Cm,154,96,0.0,0.0
Cm,155,96,0.36494814645449375,0.0
Cm,156,96,8.993184993444142e-76,0.0
Bk,136,97,0.9792189645694596,0.0
Bk,137,97,0.8693582353988059,0.0
Bk,139,97,0.97824023505121,0.0
Bk,141,97,0.865887748059205,0.0
Bk,143,97,0.7497615922390413,0.0
Bk,144,97,0.7588129307612413,0.0
Bk,145,97,0.6570468198150567,0.0
Bk,146,97,6.42811118014509e-08,0.0
Bk,147,97,1.4171966695033972e-08,0.0
Bk,148,97,1.8236268573312188e-186,0.0
Bk,149,97,2.8742343438401608e-68,0.0
Bk,150,97,0.0,0.0
Bk,151,97,0.0,0.0
Bk,152,97,0.0,0.0
Bk,153,97,9.509683145458935e-06,0.0
Bk,154,97,0.03557898942651932,0.0
Bk,156,97,0.5488116360940264,0.0
Cf,139,98,0.99790220345731,0.0
Cf,140,98,0.9999789002226034,0.0
Cf,141,98,0.9617507091463667,0.0
Cf,142,98,0.9440274829178357,0.0
Cf,143,98,0.7970801823860759,0.0
Cf,144,98,0.8009153643346592,0.0
Cf,145,98,0.5262388930771054,0.0
Cf,146,98,0.31223474070801055,0.0
Cf,147,98,0.06720551273974976,0.0
Cf,148,98,1.5292313257174226e-56,0.0
Cf,149,98,1.3729002389516272e-05,0.0
Cf,150,98,0.0,0.0
Cf,151,98,0.0,0.0
Cf,152,98,0.0,0.0
Cf,153,98,0.0,0.0
Cf,154,98,0.0,0.0
Cf,155,98,0.0,0.0
Cf,156,98,0.0,0.0
Cf,157,98,0.006096746565515633,0.0
Cf,158,98,0.4780690982163776,0.0
Es,141,99,0.9940179640539353,0.0
Es,142,99,0.9920319148370607,0.0
Es,143,99,0.9865907163177327,0.0
Es,144,99,0.9792189645694596,0.0
Es,145,99,0.9636761353490535,0.0
Es,146,99,0.9361308642916188,0.0
Es,147,99,0.6376281516217733,0.0
Es,149,99,0.23692775868212176,0.0
Es,150,99,0.0021722321490549577,0.0
Es,151,99,3.582967264406207e-14,0.0
Es,152,99,2.5457488127152774e-52,0.0
Es,153,99,0.0,0.0
Es,154,99,0.0,0.0
Es,155,99,0.0,0.0
Es,156,99,0.0,0.0
Es,157,99,0.21783878676890578,0.0
Es,158,99,1.1818628442992542e-289,0.0
Fm,143,100,0.9997690266784457,0.0
Fm,144,100,0.9999968800048672,0.0
Fm,145,100,0.9958088076649545,0.0
Fm,146,100,0.9984611851915236,0.0
Fm,147,100,0.9694755730760259,0.0
Fm,148,100,0.9660883396864915,0.0
Fm,149,100,0.8555591903710185,0.0
Fm,150,100,0.16529888822158653,0.0
Fm,151,100,5.172032976967452e-09,0.0
Fm,152,100,2.012552304450319e-40,0.0
Fm,153,100,2.696933827677159e-113,0.0
Fm,154,100,8.597836122737572e-06,0.0
Fm,155,100,4.1817213827078185e-32,0.0
Fm,156,100,8.060095982692133e-05,0.0
Fm,157,100,0.0,0.0
Fm,159,100,0.9985011244377109,0.0
Md,143,101,0.9996200721908556,0.0
Md,145,101,0.9991004048785274,0.0
Md,146,101,0.9988007197120864,0.0
Md,147,101,0.9930244429332351,0.0
Md,148,101,0.9785337511469384,0.0
Md,149,101,0.9493288668428895,0.0
Md,150,101,0.7866278610665535,0.0
Md,151,101,0.8710986917457983,0.0
Md,152,101,0.697676326071031,0.0
Md,153,101,0.5488116360940264,0.0
Md,154,101,0.19789869908361465,0.0
Md,155,101,0.009447548397216066,0.0
Md,156,101,2.3426103386024663e-09,0.0
Md,157,101,0.0,0.0
Md,158,101,0.0031511115984444414,0.0
Md,159,101,0.0,0.0
No,147,102,0.9999619007257958,0.0
No,149,102,0.9992003199146837,0.0
No,150,102,0.9975430233203691,0.0
No,151,102,0.907374513081956,0.0
No,152,102,0.9500886338026269,0.0
No,153,102,0.8096121282623018,0.0
No,154,102,0.9970942299459576,0.0
No,155,102,0.9757976889184073,0.0
No,156,102,0.99999880000072,0.0
No,157,102,0.030807411032751076,0.0
No,158,102,0.9998940056178015,0.0
No,160,102,0.9999950000125,0.0
Lr,149,103,0.999670054444011,0.0
Lr,150,103,0.9994301624191388,0.0
Lr,151,103,0.9820628211657063,0.0
Lr,152,103,0.9693786303659346,0.0
Lr,153,103,0.9724856105000309,0.0
Lr,154,103,0.9960079893439915,0.0
Lr,155,103,0.9960876731704496,0.0
Lr,156,103,0.9938191803401585,0.0
Lr,157,103,0.835270211411272,0.0
Lr,158,103,0.09632763823049303,0.0
Lr,159,103,5.573903692694596e-07,0.0
Lr,163,103,6.33779980237337e-18,0.0
Rf,149,104,0.9999890000604997,0.0
Rf,151,104,0.9983214104100598,0.0
Rf,152,104,0.9999933300222444,0.0
Rf,153,104,0.99560966581827,0.0
Rf,154,104,0.9999880000719997,0.0
Rf,155,104,0.9976028776973818,0.0
Rf,156,104,0.9999790002204985,0.0
Rf,157,104,0.9342604735772135,0.0
Rf,158,104,0.9977026429733321,0.0
Rf,159,104,0.5488116360940264,0.0
Rf,161,104,0.9417645335842487,0.0
Db,150,105,0.9984012793176064,0.0
Db,151,105,0.9984012793176064,0.0
Db,152,105,0.9977026429733321,0.0
Db,153,105,0.9957092317630661,0.0
Db,154,105,0.9994901300278943,0.0
Db,155,105,0.998481154614921,0.0
Db,156,105,0.9982016190284373,0.0
Db,157,105,0.9656054162575665,0.0
Db,158,105,0.9733612415243368,0.0
Db,161,105,0.23692775868212176,0.0
Db,163,105,1.6715378847428091e-44,0.0
Db,165,105,3.532628572200807e-24,0.0
Sg,152,106,0.999997500003125,0.0
Sg,153,106,0.9997100420459355,0.0
Sg,154,106,0.99999640000648,0.0
Sg,155,106,0.9997700264479723,0.0
Sg,156,106,0.9999931000238049,0.0
Sg,157,106,0.999000499833375,0.0
Sg,158,106,0.9999630006844915,0.0
Sg,159,106,0.985703184122443,0.0
Sg,160,106,0.9996600577934499,0.0
Sg,163,106,0.8302735949819326,0.0
Sg,165,106,0.865887748059205,0.0
Bh,153,107,0.9999650006124928,0.0
Bh,154,107,0.9999880000719997,0.0
Bh,155,107,0.9998980052018231,0.0
Bh,157,107,0.9995600967858043,0.0
Bh,159,107,0.99790220345731,0.0
Bh,160,107,0.9831436846349096,0.0
Bh,163,107,0.9417645335842487,0.0
Bh,165,107,0.9895549325678993,0.0
Bh,167,107,0.9569539574730467,0.0
Bh,171,107,0.31981902181630384,0.0
Hs,157,108,0.999998000002,0.0
Hs,158,108,0.9999970300044104,0.0
Hs,159,108,0.9999480013519766,0.0
Hs,160,108,0.9996000799893344,0.0
Hs,161,108,0.9903468932559909,0.0
Hs,162,108,0.9924288069761313,0.0
Hs,165,108,0.9992402887268512,0.0
Hs,167,108,0.9998500112494375,0.0
Hs,169,108,0.9999970000045,0.0
Hs,170,108,0.31981902181630384,0.0
Mt,157,109,0.999997900002205,0.0
Mt,159,109,0.9999790002204985,0.0
Mt,161,109,0.9995201151815702,0.0
Mt,165,109,0.9995600967858043,0.0
Mt,167,109,0.999310237995258,0.0
Mt,168,109,0.9950124791926823,0.0
Mt,169,109,0.9955101098295706,0.0
Mt,173,109,0.9361308642916188,0.0
Ds,161,110,0.9999983700013284,0.0
Ds,167,110,0.999995900008405,0.0
Ds,169,110,0.999820016199028,0.0
Ds,170,110,0.9999930000245,0.0
Ds,171,110,0.990445932897216,0.0
Ds,172,110,0.9361308642916188,0.0
Rg,161,111,0.99999620000722,0.0
Rg,163,111,0.9999880000719997,0.0
Rg,167,111,0.9999958000088199,0.0
Rg,168,111,0.9998300144491812,0.0
Rg,169,111,0.99560966581827,0.0
Rg,170,111,0.9743350896087494,0.0
Rg,171,111,0.9048374180359595,0.0
Rg,175,111,0.5168513344916992,0.0
Cn,169,112,0.9998700084496338,0.0
Cn,171,112,0.9960079893439915,0.0
Cn,172,112,0.99989200583179,0.0
Cn,173,112,0.9665715046375066,0.0
Cn,174,112,0.5168513344916992,0.0
Nh,165,113,0.99999860000098,0.0
Nh,169,113,0.9999300024499428,0.0
Nh,171,113,0.9990304702979247,0.0
Nh,172,113,0.9945150973089191,0.0
Nh,173,113,0.9905449824429005,0.0
Nh,177,113,0.9980019986673331,0.0
Fl,170,114,0.999997500003125,0.0
Fl,172,114,0.9998340137772377,0.0
Fl,173,114,0.9994901300278943,0.0
Fl,174,114,0.9993602047563164,0.0
Fl,175,114,0.9973036417217132,0.0
Fl,176,114,0.981179362242806,0.0
Mc,173,115,0.9998300144491812,0.0
Mc,174,115,0.9997800241982254,0.0
Mc,175,115,0.9993502112042366,0.0
Lv,174,116,0.9999917000344449,0.0
Lv,176,116,0.9999872000819197,0.0
Lv,177,116,0.9999470014044752,0.0
Ts,176,117,0.9999860000979995,0.0
Ts,177,117,0.9999490013004779,0.0
